row_id,record_id,title,citation_text,original_doi,resolved_doi,doi_source,download_target,download_attempted,url_candidates
DOI0398,REF0410,Trihalomethanes in drinking water and bladder cancer burden in the European Union,"Evlampidou, I., Font-Ribera, L., Rojas-Rueda, D., Gracia-Lavedan, E., Costet, N., Pearce, N., Vineis, P., Jaakkola, J.J.K., Delloye, F., Makris, K.C., Stephanou, E.G., Kargaki, S., Kozisek, F., Sigsgaard, T., Hansen, B., Schullehner, J., Nahkur, R., Galey, C., Zwiener, C., Vargha, M., Righi, E., Aggazzotti, G., Kalnina, G., Grazuleviciene, R., Polanska, K., Gubkova, D., Bitenc, K., Goslan, E.H., Kogevinas, M., Villanueva, C.M., 2020. Trihalomethanes in drinking water and bladder cancer burden in the European Union. Environ. Health Perspect. 128, 17001. https://doi.org/10.1289/EHP4495",10.1289/EHP4495,10.1289/EHP4495,original,https://doi.org/10.1289/EHP4495,True,https://doi.org/10.1289/EHP4495
DOI0399,REF0411,Monitoring of chlorination disinfection by-products and their associated health risks in drinking water of Pakistan,"Abbas S, Hashmi I, Rehman MSU, Qazi IA, Awan MA, Nasir H. Monitoring of chlorination disinfection by-products and their associated health risks in drinking water of Pakistan. J Water Health. 2015;13(1):270–84.",10.2166/wh.2014.096,10.2166/wh.2014.096,original,https://doi.org/10.2166/wh.2014.096,True,
DOI0400,REF0412,"Mutagenicity and genotoxicity of drinking water in Guelma region, Algeria","Abda A, Benouareth DE, Tabet M, et al. Mutagenicity and genotoxicity of drinking water in Guelma region, Algeria. Env Monit Assess. 2015;187(2):21.",,,,,False,
DOI0401,REF0413,"Estimation of the total trihalomethanes concentration in drinking water in some area of Baghdad, Iraq","Ahmad A, Al-Paruany K, Khudair K, Hashim M, Naji H, Taha A. Estimation of the total trihalomethanes concentration in drinking water in some area of Baghdad, Iraq. Iraqi Geol J. 2016;39–49(1):77–87.",,,,,False,
DOI0402,REF0414,bottled water in the industrial city of Yanbu (Saudi Arabia),"Ahmad M, Bajahlan AS. Quality comparison of tap water vs. bottled water in the industrial city of Yanbu (Saudi Arabia). Environ Monit Assess. 2009;159(1–4):1–14.",,,,,False,
DOI0403,REF0415,THMs assessment in Khuzestan rural water treatment plants,"Ahmadi M, Keyani A, Amiri H, Hasani A, Sekhavatjoo M, Takdastan A. THMs assessment in Khuzestan rural water treatment plants. Int J Env Heal Eng. 2012;1:52.",,,,,False,
DOI0404,REF0416,Seasonal variation and modeling of disinfection by-products (DBPs) in drinking water distribution systems of Wassit Province Southeast Iraq,"Al-Tmemy W, Alfatlawy Y, Khudair S. Seasonal variation and modeling of disinfection by-products (DBPs) in drinking water distribution systems of Wassit Province Southeast Iraq. J Pharm Sci Res. 2018;10(2):3393–9.",,,,,False,
DOI0405,REF0417,Survey of Disinfection by-products in drinking water in Greater Kandy Water supply scheme,"Amarasooriya A, Weagoda S. Survey of Disinfection by-products in drinking water in Greater Kandy Water supply scheme. In: 5th international conference on sustainable built environment. Kandy, Sri Lanka; 2014.",,,,,False,
DOI0406,REF0418,Cancer Risks from Disinfection Byproducts of Drinking Water: The Neglected Issue in the Global South,"Ambelu A, Fikre T, Mekonen S. Cancer Risks from Disinfection Byproducts of Drinking Water: The Neglected Issue in the Global South. Austin Pediatr. 2017;4(4):1–7.",,,,,False,
DOI0407,REF0419,Levels of Trihalomethanes in Stored Water from High and Fundamental Schools: Comparison between Two Temporal Data Sets,"Andreola R, Mannigel AR, Bido G de S, et al. Levels of Trihalomethanes in Stored Water from High and Fundamental Schools: Comparison between Two Temporal Data Sets. J Water Resour Prot. 2018;10(06):577–86.",10.4236/jwarp.2018.106032,10.4236/jwarp.2018.106032,original,https://doi.org/10.4236/jwarp.2018.106032,True,
DOI0408,REF0420,Assessment of trihalomethanes in drinking water using gas chromatography,"Aravind S, Soloman P. Assessment of trihalomethanes in drinking water using gas chromatography. In: Emerging Trends in Engineering, Science and Technology for Society, Energy and Environment. 1st Editio. London: CRC Press; 2018.",10.1201/9781351124140-92,10.1201/9781351124140-92,original,https://doi.org/10.1201/9781351124140-92,True,
DOI0409,REF0421,The Investigation of Total Trihalomethanes Concentration in Drinking Water in Al-Dora and Al-Rasheed plants in Baghdad,"Asaad N, Al-Azzawi M, Mohammed A. The Investigation of Total Trihalomethanes Concentration in Drinking Water in Al-Dora and Al-Rasheed plants in Baghdad. Iraqi J Sci. 2014;55(2B):704–10.",,,,,False,
DOI0410,REF0422,Determination of trihalomethanes concentration in Ahvaz water distribution network in 2011,"Babaei A, Atari L, Ahmadi Moghadam M, Alavi N, Ahmadi Angali K. Determination of trihalomethanes concentration in Ahvaz water distribution network in 2011. Jentashapir J Heal Res. 2012;3(4):e94052.",,,,,False,
DOI0411,REF0423,Trihalomethanes formation in Iranian water supply systems: predicting and modeling,"Babaei AA, Atari L, Ahmadi M, Ahmadiangali K, Zamanzadeh M, Alavi N. Trihalomethanes formation in Iranian water supply systems: predicting and modeling. J Water Health. 2015;13(3):859–69.",,,,,False,
DOI0412,REF0424,"Evaluation of quality of drinking water from Baghdad, Iraq","Barbooti M., Bolzoni G, Mirza I., et al. Evaluation of quality of drinking water from Baghdad, Iraq. Sci World J. 2010;5(2):35–46.",,,,,False,
DOI0413,REF0425,Multi-route risk assessment from trihalomethanes in drinking water supplies,"Basu M, Gupta SK, Singh G, Mukhopadhyay U. Multi-route risk assessment from trihalomethanes in drinking water supplies. Environ Monit Assess. 2011;178(1–4):121–34.",10.1007/s10661-010-1677-z,10.1007/s10661-010-1677-z,original,https://doi.org/10.1007/s10661-010-1677-z,True,
DOI0414,REF0426,Trihalometanes in San Juan city (Argentina) drinking water,"Baudino O, Suero E, Augusto M, Flores N. Trihalometanes in San Juan city (Argentina) drinking water. Tecnol y Ciencias del Agua. 2001;21(218):67–71.",,,,,False,
DOI0415,REF0427,Seasonal variation in drinking water concentrations of disinfection by-products in IZMIR and associated human health risks,"Baytak D, Sofuoglu A, Inal F, Sofuoglu SC. Seasonal variation in drinking water concentrations of disinfection by-products in IZMIR and associated human health risks. Sci Total Environ. 2008;407(1):286–96.",,,,,False,
DOI0416,REF0428,Evaluation de la qualité des eaux de réservoirs de la wilaya de Blida et détermination des Trihalométhanes par méthode CPG couplée au Headspace,"Benarous M, Chaibi Z. Evaluation de la qualité des eaux de réservoirs de la wilaya de Blida et détermination des Trihalométhanes par méthode CPG couplée au Headspace. Université SAÁD DAHLAB-BLIDA; 2017.",,,,,False,
DOI0417,REF0429,L’hyperchloration de l’eau de robinet et cancer de la vessie dans la région de Mostaganem (Ouest algérien)Hyperchlorination of drinking tap water and bladder cancer in the region of Mostaganem (West Algeria),"Benhamimed EA, Moulessehoul S. L’hyperchloration de l’eau de robinet et cancer de la vessie dans la région de Mostaganem (Ouest algérien)Hyperchlorination of drinking tap water and bladder cancer in the region of Mostaganem (West Algeria). J Africain du Cancer / African J Cancer. 2010;1(1):52–8.",10.1007/s12558-010-0092-2,10.1007/s12558-010-0092-2,original,https://doi.org/10.1007/s12558-010-0092-2,True,
DOI0418,REF0430,Disinfection Byproducts in Drinking Water and Evaluation of Potential Health Risks of Long-Term Exposure in Nigeria,"Benson NU, Akintokun OA, Adedapo AE. Disinfection Byproducts in Drinking Water and Evaluation of Potential Health Risks of Long-Term Exposure in Nigeria. J Environ Public Health. 2017;2017:1–10.",10.1155/2017/7535797,10.1155/2017/7535797,original,https://doi.org/10.1155/2017/7535797,True,
DOI0419,REF0431,"Perfluorinated compounds and trihalomethanes in drinking water sources of the Western Cape, South Africa","Booi X. Perfluorinated compounds and trihalomethanes in drinking water sources of the Western Cape, South Africa. Cape Peninsula University of Technology; 2013.",,,,,False,
DOI0420,REF0432,Formation of trihalomethanes during the disinfection process in the potabilisation of water,"Bracho N, Castillo J, Vargas L, Morales R. Formation of trihalomethanes during the disinfection process in the potabilisation of water. Rev Téc Ing Univ Zulia. 2009;32(3):231–7.",,,,,False,
DOI0421,REF0433,Determination of Trihalomethanes in Drinking Water from Three Different Water Sources in Florianopolis–Brazil using Purge and Trap and Gas Chromatography,"Budziak D, Carasek E. Determination of Trihalomethanes in Drinking Water from Three Different Water Sources in Florianopolis–Brazil using Purge and Trap and Gas Chromatography. J Braz Chem Soc. 2007;18(4):741–7.",10.1590/s0103-50532007000400012,10.1590/s0103-50532007000400012,original,https://doi.org/10.1590/s0103-50532007000400012,True,
DOI0422,REF0434,Desalinated and blended water in Saudi Arabia: human exposure and risk analysis from disinfection byproducts,"Chowdhury IR, Chowdhury S. Desalinated and blended water in Saudi Arabia: human exposure and risk analysis from disinfection byproducts. Shanableh A, Maalej M, Barakat S, et al., editors. MATEC Web Conf. 2017;120:05002.",10.1051/matecconf/201712005002,10.1051/matecconf/201712005002,original,https://doi.org/10.1051/matecconf/201712005002,True,
DOI0423,REF0435,Trihalomethanes Issues Drinking Water After Chlorination Treatment,"Cohl M, Lazar L, Cretescu I, Balasanian I. Trihalomethanes Issues Drinking Water After Chlorination Treatment. Rev Chim. 2015;66(9):1282–7.",,,,,False,
DOI0424,REF0436,Hollow-fiber solvent bar microextraction with gas chromatography and electron capture detection determination of disinfection byproducts in water samples,"Correa L, Fiscal JA, Ceballos S, et al. Hollow-fiber solvent bar microextraction with gas chromatography and electron capture detection determination of disinfection byproducts in water samples. J Sep Sci. 2015;38(22):3945–53.",10.1002/jssc.201500324,10.1002/jssc.201500324,original,https://doi.org/10.1002/jssc.201500324,True,
DOI0425,REF0437,Julio de Mesquita Filho,Cruz F. Presença de trihalometanos e qualidade sanitária da água nas estações de tratamento e reservatórios domiciliares nos municípios de Araraquara e Bariri/SP. Universidade Estadual Paulista “Julio de Mesquita Filho” (UNESP); 2012.,,,,,False,
DOI0426,REF0438,Avaliação da formação de trihalometanos em um sistema de abastecimento de água para consumo humano,"De Souza Nogeueira A. Avaliação da formação de trihalometanos em um sistema de abastecimento de água para consumo humano. Universidade Federal do Ceará, Fortaleza, Brazil; 2011.",,,,,False,
DOI0427,REF0439,Occurrence and Assessment of Selected Chemical Contaminants in Drinking Water from Eastern Romania,"Dirtu D, Pancu M, Minea ML, Dirtu AC, Sandu I. 2016. Occurrence and Assessment of Selected Chemical Contaminants in Drinking Water from Eastern Romania. REV.CHIM. (Bucharest) 67(10):2059-64",10.47743/achi-2021-2-0012,10.47743/achi-2021-2-0012,original,https://doi.org/10.47743/achi-2021-2-0012,True,
DOI0428,REF0440,"Trihalomethane formation by chlorination of ammonium- and bromide-containing groundwater in water supplies of Hanoi, Vietnam","Duong HA, Berg M, Hoang MH, et al. Trihalomethane formation by chlorination of ammonium- and bromide-containing groundwater in water supplies of Hanoi, Vietnam. Water Res. 2003;37(13):3242–52.",,,,,False,
DOI0429,REF0441,Variation of Trihalomethanes Concentration In Tetova’s Drinking Water in the Autumn Season,"Durmishi B, Vezi D, Ismail M, Shabani A, A R. Variation of Trihalomethanes Concentration In Tetova’s Drinking Water in the Autumn Season. MIddle East J Sci Res. 2013;16(6):814–21.",,,,,False,
DOI0430,REF0442,Seasonal Variation of Trihalomethanes Concentration in Tetova’s Drinking Water (Part B),"Durmishi B, Vezi D, Ismaili M, Shabani A, Abduli S. Seasonal Variation of Trihalomethanes Concentration in Tetova’s Drinking Water (Part B). World J Appl Env Chem. 2012;1(2):42–5.",,,,,False,
DOI0431,REF0443,Exposures to drinking water chlorination by-products in a Russian city,"Egorov AI, Tereschenko AA, Altshul LM, et al. Exposures to drinking water chlorination by-products in a Russian city. Int J Hyg Environmenetal Heal. 2003;206(6):539–51.",10.1078/1438-4639-00244,10.1078/1438-4639-00244,original,https://doi.org/10.1078/1438-4639-00244,True,
DOI0432,REF0448,"Investigation of Trihalomethane Compounds in Drinking Water of Baghdad, Iraq","Ewaid S. Investigation of Trihalomethane Compounds in Drinking Water of Baghdad, Iraq. PhD Thesis. Bagdad: University of Bagdad; 2015.",,,,,False,
DOI0433,REF0449,Carcinogenic Risk Assessment of Trihalomethanes in Major Drinking Water Sources of Baghdad City,"Ewaid SH, Rabee AM, Al-Naseri SK. Carcinogenic Risk Assessment of Trihalomethanes in Major Drinking Water Sources of Baghdad City. Water Resour. 2018;45(5):803–12.",,,,,False,
DOI0434,REF0450,Evaluation of trihalomethanes (THMs) concentration in drinking water of Zanjan in 2013,"Fazli M, Mehrasbi M, Azari Z, Nasiri J. Evaluation of trihalomethanes (THMs) concentration in drinking water of Zanjan in 2013. J Jiroft Univ Med Sci. 2015;2(1):85–93.",,,,,False,
DOI0435,REF0451,By-products Formation During Drinking Water Disinfection In The Distribution System: Kinetics,"Garrido S, Fonseca M. By-products Formation During Drinking Water Disinfection In The Distribution System: Kinetics. Water Resour Manag III. 2005;80:10.",,,,,False,
DOI0436,REF0452,Una aproximación a la evaluación de subproductos de la desinfección en aguas para consumo humano en municipalidades de Colombia,"Gonzalez J, Huertas J, Sepulveda J. Una aproximación a la evaluación de subproductos de la desinfección en aguas para consumo humano en municipalidades de Colombia. Ingenio Magno. 2011;2(1).",,,,,False,
DOI0437,REF0453,Determination of Trihalomethanes in raw and treated water supply to a local city in Zimbabwe,"Guyo U, Moyo M, Nyamunda B, Shumba M, Chigondo F. Determination of Trihalomethanes in raw and treated water supply to a local city in Zimbabwe. Int J Eng Res Tech. 2013;2(2):1–7.",,,,,False,
DOI0438,REF0454,Trihalomethanes and arsenic in drinking water in Chinú and Corozal municipalities in Colombia: health risk assessment,"Hernandez Cogollo M, Marrugo Negrete J. Trihalomethanes and arsenic in drinking water in Chinú and Corozal municipalities in Colombia: health risk assessment. Ing Desarro. 2016;34(1).",,,,,False,
DOI0439,REF0455,Investigation of Trihalomethanes Contamination in Surface Water Treatment Plants and Water Supply Network in An Giang-Mekong Delta Province of Viet Nam,"Hien V, Tin N, Ngoc L, Thanh B, Tuc D, Dan N. Investigation of Trihalomethanes Contamination in Surface Water Treatment Plants and Water Supply Network in An Giang-Mekong Delta Province of Viet Nam. J Water Sustain. 2015;5(3):85–94.",,,,,False,
DOI0440,REF0456,"Occurrence of nitrogenous and carbonaceous disinfection byproducts in drinking water distributed in Shenzhen, China","Huang H, Zhu H, Gan W, Chen X, Yang X. Occurrence of nitrogenous and carbonaceous disinfection byproducts in drinking water distributed in Shenzhen, China. Chemosphere. 2017;188:257–64.",,,,,False,
DOI0441,REF0457,Study for the trihalomethanes (THMs) in drinking water of networks in Weihai,"Ji J, Li Z, Jiang Z, Yan Z, Ding M, Yu J. Study for the trihalomethanes (THMs) in drinking water of networks in Weihai. China Heal Ind. 2014;30:39–40.",,,,,False,
DOI0442,REF0458,Chemical water quality in Thailand and its impacts on the drinking water production in Thailand,"KRUAWAL K, SACHER F, WERNER A, MULLER J, KNEPPER T. Chemical water quality in Thailand and its impacts on the drinking water production in Thailand. Sci Total Environ. 2005;340(1–3):57–70.",,,,,False,
DOI0443,REF0459,Variability of TOC and DBPs (THMs and HAA5) in drinking water sources and distribution system in drought season: the North Iran case study,"Kalankesh LR, Zazouli MA, Susanto H, Babanezhad E. Variability of TOC and DBPs (THMs and HAA5) in drinking water sources and distribution system in drought season: the North Iran case study. Environ Technol. 2021;42(1):100–13.",,,,,False,
DOI0444,REF0460,Characteristics of natural organic matter and formation of chlorination by-products at Masaka waterworks,"Kalibbala HM, Kaggwa R, Wahlberg O, Plaza E. Characteristics of natural organic matter and formation of chlorination by-products at Masaka waterworks. J Water Supply Res Technol. 2011;60(8):511–9.",10.2166/aqua.2011.076,10.2166/aqua.2011.076,original,https://doi.org/10.2166/aqua.2011.076,True,
DOI0445,REF0461,"Risk Assessment of Municipal Tap Water Supply for Trihalomethanes, the Chlorination Byproducts: Comparison of Different Boiling Methods","Kongngen P, Chatsantiprapa K. Risk Assessment of Municipal Tap Water Supply for Trihalomethanes, the Chlorination Byproducts: Comparison of Different Boiling Methods. Int Conf Herb Tradit Med (HTM 2015). 2015;28–30:215–27.",,,,,False,
DOI0446,REF0462,Speciation and kinetics of trihalomethanes formation in drinking water supplies,"Kumari M, Gupta S. Speciation and kinetics of trihalomethanes formation in drinking water supplies. Sci Technol. 2015;1(4):157–63.",,,,,False,
DOI0447,REF0463,Age dependent adjustment factor (ADAF) for the estimation of cancer risk through trihalomethanes (THMs) for different age groups- A innovative approach,"Kumari M, Gupta SK. Age dependent adjustment factor (ADAF) for the estimation of cancer risk through trihalomethanes (THMs) for different age groups- A innovative approach. Ecotoxicol Environ Saf. 2018;148:960–8.",10.1016/j.ecoenv.2017.11.067,10.1016/j.ecoenv.2017.11.067,original,https://doi.org/10.1016/j.ecoenv.2017.11.067,True,
DOI0448,REF0464,Modeling of trihalomethanes (THMs) in drinking water supplies: a case study of eastern part of India,"Kumari M, Gupta SK. Modeling of trihalomethanes (THMs) in drinking water supplies: a case study of eastern part of India. Environ Sci Pollut Res Int. 2015;22(16):12615–23.",10.1007/s11356-015-4553-0,10.1007/s11356-015-4553-0,original,https://doi.org/10.1007/s11356-015-4553-0,True,
DOI0449,REF0465,Trihalomethane Formation in Rural Household Water Filtration Systems in Haiti,Lantagne D. Trihalomethane Formation in Rural Household Water Filtration Systems in Haiti. Massachusetts Institute of Technology; 2001.,10.2175/193864701784293215,10.2175/193864701784293215,original,https://doi.org/10.2175/193864701784293215,True,
DOI0450,REF0466,Disinfection by-product formation and mitigation strategies in point-of-use chlorination of turbid and non-turbid waters in Western Kenya,"Lantagne DS, Blount BC, Cardinali F, Quick R. Disinfection by-product formation and mitigation strategies in point-of-use chlorination of turbid and non-turbid waters in Western Kenya. J Water Heal. 2008;6(1):67–82.",,,,,False,
DOI0451,REF0467,Disinfection by-product formation and mitigation strategies in point-of-use chlorination with sodium dichloroisocyanurate in Tanzania,"Lantagne DS, Cardinali F, Blount BC. Disinfection by-product formation and mitigation strategies in point-of-use chlorination with sodium dichloroisocyanurate in Tanzania. Am J Trop Med Hyg. 2010;83(1):135–43.",,,,,False,
DOI0452,REF0468,Surveillance of chlorinated disinfection by-products in township waterworks in Xiamen,"Li N, Huang S, Huang S, Su B, Zhang Y. Surveillance of chlorinated disinfection by-products in township waterworks in Xiamen. Chin J Heal Lab Tec. 2016;26(13):1913–5.",,,,,False,
DOI0453,REF0469,Study on chlorinated disinfection byproducts and the relevant health risk in tap water of J City,"Li X, Liu R, Lan Y, et al. Study on chlorinated disinfection byproducts and the relevant health risk in tap water of J City. Environ Sci. 2013;34(9):3474–9.",,,,,False,
DOI0454,REF0470,Variation of Disinfection by-probucts of urban water supply in Jinan Ctiy,"Liu B, Sun C, Cui Y. Variation of Disinfection by-probucts of urban water supply in Jinan Ctiy. Water Tech. 2009;3(5):40–6.",,,,,False,
DOI0455,REF0471,Research of VOCs in drinking water of Guangzhou,"Liu Z, Liu J, Zhang J, et al. Research of VOCs in drinking water of Guangzhou. Ecol Environ Sci. 2014;23(1):113–21.",,,,,False,
DOI0456,REF0472,Lucio Baldó Soulés,"Mallia A, Rios L, Carrillo J, Llobregat M, Fernandez C. Evaluation of the sub-products from the chlorination process at the “Lucio Baldó Soulés” Water Treatment Plant. Rev Tec Ing Univ Zulia. 2008;31(Especial):1–11.",,,,,False,
DOI0457,REF0473,Longitudinal Study of Microbial Diversity and Seasonality in the Mexico City Metropolitan Area Water Supply System,"Mazari-Hiriart M, López-Vidal Y, Ponce-de-León S, Calva JJ, Rojo-Callejas F, Castillo-Rojas G. Longitudinal Study of Microbial Diversity and Seasonality in the Mexico City Metropolitan Area Water Supply System. Appl Environ Microbiol. 2005;71(9):5129–37.",10.1128/aem.71.9.5129-5137.2005,10.1128/aem.71.9.5129-5137.2005,original,https://doi.org/10.1128/aem.71.9.5129-5137.2005,True,
DOI0458,REF0474,Human health risk analysis from disinfection by-products (DBPs) in drinking and bathing water of some Indian cities,"Mishra BK, Gupta SK, Sinha A. Human health risk analysis from disinfection by-products (DBPs) in drinking and bathing water of some Indian cities. J Environ Heal Sci Eng. 2014;12(1):73.",10.1186/2052-336x-12-73,10.1186/2052-336x-12-73,original,https://doi.org/10.1186/2052-336x-12-73,True,
DOI0459,REF0475,Comparing THMs level in old and new water distribution systems; seasonal variation and probabilistic risk assessment,"Mohammadi A, Faraji M, Ebrahimi AA, Nemati S, Abdolahnejad A, Miri M. Comparing THMs level in old and new water distribution systems; seasonal variation and probabilistic risk assessment. Ecotoxicol Environ Saf. 2020;192:110286.",10.1016/j.ecoenv.2020.110286,10.1016/j.ecoenv.2020.110286,original,https://doi.org/10.1016/j.ecoenv.2020.110286,True,
DOI0460,REF0476,"Monitoring of THMs Concentration in Isfahan Water Distribution System and Zoning by GIS, a Case Study in the Center of Iran","Mohammadi A, Miri M, Ebrahimi A, Khorsandi H, Nemati S. Monitoring of THMs Concentration in Isfahan Water Distribution System and Zoning by GIS, a Case Study in the Center of Iran. Iran J Heal Saf Env. 2016;3(1):421–7.",,,,,False,
DOI0461,REF0477,Chemical and ecotoxicological assessments of water samples before and after being processed by a Water Treatment Plant,"Monteiro RTR, Silva GH, Messias TG, et al. Chemical and ecotoxicological assessments of water samples before and after being processed by a Water Treatment Plant. Ambient e Agua - An Interdiscip J Appl Sci. 2014;9(1):6–18.",,,,,False,
DOI0462,REF0479,Evaluating trihalomethanes in tap water and swimming pool water at Ho Chi Minh city,"Nguyen PLS, Le THT, Kim LC, To HT. Evaluating trihalomethanes in tap water and swimming pool water at Ho Chi Minh city. Sci Technol Dev J. 2016;19(4):236–45.",,,,,False,
DOI0463,REF0480,"Investigating disinfectant by-products in Harare potable water supply, Zimbabwe","Nhongo K, Hoko Z, Kugara J. Investigating disinfectant by-products in Harare potable water supply, Zimbabwe. J Water, Sanit Hyg Dev. 2018;8(3):415–28.",10.2166/washdev.2018.104,10.2166/washdev.2018.104,original,https://doi.org/10.2166/washdev.2018.104,True,
DOI0464,REF0481,"Study on Formation of Trihalomethanes (THMs) in Potable Treated Water of Gwalior City, Madhya Pradesh, India","Nisha U, Jain R, Saxena A, Shrivastava P, Puraiya M. Study on Formation of Trihalomethanes (THMs) in Potable Treated Water of Gwalior City, Madhya Pradesh, India. J Eng Comput Appl Sci. 2013;2:10–3.",,,,,False,
DOI0465,REF0482,Disinfection by-products and extractable organic compounds in South African tap water,"Nothnagel C, Kotte K, Pienaar JJ, Van Zyl PG, Beukes JP. Disinfection by-products and extractable organic compounds in South African tap water. J Transdiscipl Res South Africa. 2008;4(1).",,,,,False,
DOI0466,REF0483,"Open data from the website of 35 water utility companies: Icon Water, Power and Water Corporation, Hunter Water, MidCoast Water, Sydney Water, Gladstone Area Water Board, SeqWater, South Australia Water Corporation, TasWater, Barwon Water, Central Highlands Water, City West Water, Coliban Water, East Gippsland Water, Falls Creek Alpine Resort Management Board, Gippsland Water, Goulburn Murray Water, Goulburn Valley Water, Grampians Wimmera Mallee Water, Lake Mountain Alpine Resort Management Board, Lower Murray Water, Mount Baw Baw Alpine Resort Management Board, Mount Buller and Mount Stirling Alpine Resort Management Board, Mount Hotham Alpine Resort Management Board, North East Water, Parks Victoria, South East Water, South Gippsland Water, Southern Rural Water, Wannon Water, Western Water, Westernport Water, Yarra Valley Water, Busselton Water, Water Corporation","Open data from the website of 35 water utility companies: Icon Water, Power and Water Corporation, Hunter Water, MidCoast Water, Sydney Water, Gladstone Area Water Board, SeqWater, South Australia Water Corporation, TasWater, Barwon Water, Central Highlands Water, City West Water, Coliban Water, East Gippsland Water, Falls Creek Alpine Resort Management Board, Gippsland Water, Goulburn Murray Water, Goulburn Valley Water, Grampians Wimmera Mallee Water, Lake Mountain Alpine Resort Management Board, Lower Murray Water, Mount Baw Baw Alpine Resort Management Board, Mount Buller and Mount Stirling Alpine Resort Management Board, Mount Hotham Alpine Resort Management Board, North East Water, Parks Victoria, South East Water, South Gippsland Water, Southern Rural Water, Wannon Water, Western Water, Westernport Water, Yarra Valley Water, Busselton Water, Water Corporation",,,,,False,
DOI0467,REF0484,Open data from the website of the Syndicat des Eaux du Sud Koerich and of the 16 municipalities,Open data from the website of the Syndicat des Eaux du Sud Koerich and of the 16 municipalities.,,,,,False,
DOI0468,REF0485,"A Survey of Disinfection By-Products in Tap Water from Selected Areas in Nairobi County and Thika Sub-County, Kenya","Osoro V. A Survey of Disinfection By-Products in Tap Water from Selected Areas in Nairobi County and Thika Sub-County, Kenya. Jomo Kenyatta University of Agriculture and Technology; 2015.",,,,,False,
DOI0469,REF0486,Singapore Drinking Water Quality,PUB. Singapore Drinking Water Quality. PUB Singapore National Water Agency. 2018.,,,,,False,
DOI0470,REF0487,Exposure assessment and the risk associated with trihalomethanes compounds in drinking water,"Pacheco Ferreira A, de Lourdes N. da Cunha C. Exposure assessment and the risk associated with trihalomethanes compounds in drinking water. Rev Bras em Promoção da Saúde. 2012;25(1):5–12.",,,,,False,
DOI0471,REF0488,Cancer risk assessment from exposure to trihalomethanes in tap water and swimming pool water,"Panyakapo M, Soontornchai S, Paopuree P. Cancer risk assessment from exposure to trihalomethanes in tap water and swimming pool water. J Environ Sci (China). 2008;20(3):372–8.",10.1016/s1001-0742(08)60058-3,10.1016/s1001-0742(08)60058-3,original,https://doi.org/10.1016/s1001-0742(08)60058-3,True,
DOI0472,REF0489,Comparative cancer risk assessment of THMs in drinking water from well water sources and surface water sources,"Pardakhti AR, Bidhendi GRN, Torabian A, Karbassi A, Yunesian M. Comparative cancer risk assessment of THMs in drinking water from well water sources and surface water sources. Environ Monit Assess. 2011;179(1–4):499–507.",,,,,False,
DOI0473,REF0490,Cancer Risk Assessment from Trihalomethanes in Community Water Supply at Northeastern Thailand,"Pentamwa P, Sukton B, Wongklom T, Pentamwa S. Cancer Risk Assessment from Trihalomethanes in Community Water Supply at Northeastern Thailand. Int J Environ Sci Dev. 2013;4(5):538–44.",10.7763/ijesd.2013.v4.410,10.7763/ijesd.2013.v4.410,original,https://doi.org/10.7763/ijesd.2013.v4.410,True,
DOI0474,REF0491,"Premazzi G, Cardoso C, Conio O, et al","Premazzi G, Cardoso C, Conio O, et al. Exposure of the european population to trihalomethanes (THMs) in drinking water. Commission. EIJRCE, editor. Luxemburg: European Commission; 1997",,,,,False,
DOI0475,REF0494,Study of organic secondary pollution status and control measures of the municipal water supply in Qingdao,Qian A. Study of organic secondary pollution status and control measures of the municipal water supply in Qingdao. Shandong University; 2015.,,,,,False,
DOI0476,REF0495,Trihalomethanes Formation Potential in Water Supply System of Bandar Abbas (Southern Iran): from Source to Distribution Network,"Rezaei L, Alipour V, Shokooheyan S, Ghanbarnejad A. Trihalomethanes Formation Potential in Water Supply System of Bandar Abbas (Southern Iran): from Source to Distribution Network. J Heal Sci Surveill Sys. 2014;2(1):36–41.",,,,,False,
DOI0477,REF0496,"Rosero M, Latorre J, Torres W, Delgado L","Rosero M, Latorre J, Torres W, Delgado L. Presencia de materia organica y subproductos de la desinfeccion con cloro. Caso systema de tratamiento de agua para consumo humano, Puerto Mallarino, Cali-Colombia. In: Seminario Internacional: Visión integral en el mejoramiento de la calidad del agua. 2005.",,,,,False,
DOI0478,REF0497,Solventless Microextraction Techniques for Determination of Trihalomethanes by Gas Chromatography in Drinking Water,"Rosero MM, Aguirre M, Pezo D, Taborda G, Dussán C, Nerin C. Solventless Microextraction Techniques for Determination of Trihalomethanes by Gas Chromatography in Drinking Water. Water, Air, Soil Pollut. 2012;223(2):667–78.",10.1007/s11270-011-0891-9,10.1007/s11270-011-0891-9,original,https://doi.org/10.1007/s11270-011-0891-9,True,
DOI0479,REF0498,"Investigación de trihalometanos en agua potable del Estado Carabobo, Venezuela","Sarmiento A, Rojas M, Medina E, Olivet C, Casanova J. Investigación de trihalometanos en agua potable del Estado Carabobo, Venezuela. Gac Sanit. 2003;17(2):137–43.",,,,,False,
DOI0480,REF0499,Spatial and seasonal evolution of trihalomethanes in water distribution systems in Lebanon,"Semerjian L, Dennis J, Ayoub G. Spatial and seasonal evolution of trihalomethanes in water distribution systems in Lebanon. J Water Supply Res Technol. 2007;56(4):263–73.",10.2166/aqua.2007.029,10.2166/aqua.2007.029,original,https://doi.org/10.2166/aqua.2007.029,True,
DOI0481,REF0500,Monitoramento das concentrações de trihalometanos na água para consumo humano,Shaefer T. Monitoramento das concentrações de trihalometanos na água para consumo humano. Universidade Federal Do Paraná; 2016.,,,,,False,
DOI0482,REF0501,Evaluation of Levels of Regulated Trihalomethanes (THMS) in a Community Drinking Water Supply in Nigeria,"Shaibu-Imodagbe E, Okuofu C, Unyimadu J, Williams A, Omenesa H. Evaluation of Levels of Regulated Trihalomethanes (THMS) in a Community Drinking Water Supply in Nigeria. Niger J Engigneering. 2013;19(2):63–72.",10.4314/ejesm.v6i4.9,10.4314/ejesm.v6i4.9,original,https://doi.org/10.4314/ejesm.v6i4.9,True,
DOI0483,REF0502,Determination of Levels of Regulated and Emerging Trihalomethanes (THMs) Disinfection By-Products (DBPs) in a Community Drinking Water Supply,"Shaibu-Imodagbe E, Okuofu C, Unyimadu J, Williams A. Determination of Levels of Regulated and Emerging Trihalomethanes (THMs) Disinfection By-Products (DBPs) in a Community Drinking Water Supply. J Environ Earch Sci. 2015;5(6).",10.2166/ws.2015.036,10.2166/ws.2015.036,original,https://doi.org/10.2166/ws.2015.036,True,
DOI0484,REF0503,"Chlorinated drinking water, cancers and adverse health outcomes in Gangtok, Sikkim, India","Sharma RN, Goel S. Chlorinated drinking water, cancers and adverse health outcomes in Gangtok, Sikkim, India. J Environ Sci Eng. 2007;49(4):247–54.",,,,,False,
DOI0485,REF0504,Multipathways human health risk assessment of trihalomethane exposure through drinking water,"Siddique A, Saied S, Mumtaz M, Hussain MM, Khwaja HA. Multipathways human health risk assessment of trihalomethane exposure through drinking water. Ecotoxicol Environ Saf. 2015;116:129–36.",,,,,False,
DOI0486,REF0505,Speciation and geospatial analysis of disinfection byproducts in urban drinking water,"Siddique A, Saied S, Zahir E, Nayyer ZA, Zaigham NA. Speciation and geospatial analysis of disinfection byproducts in urban drinking water. Int J Environ Sci Technol. 2014;11(3):739–46.",10.1007/s13762-013-0277-1,10.1007/s13762-013-0277-1,original,https://doi.org/10.1007/s13762-013-0277-1,True,
DOI0487,REF0506,Determination of volatile organic compounds pollution sources in malaysian drinking water using multivariate analysis,"Soh SC, Abdullah MP. Determination of volatile organic compounds pollution sources in malaysian drinking water using multivariate analysis. Env Monit Assess. 2007;124(1–3):39–50.",,,,,False,
DOI0488,REF0507,An analysis of trihalomethane levels in the distribution networks of three Romanian cities,"Thach T, Gurzau A, Russi M, Dimitrascu I, Pop C, Popa O. An analysis of trihalomethane levels in the distribution networks of three Romanian cities. Carpathian J Earth Env Sci. 2012;7(1):81–8.",,,,,False,
DOI0489,REF0508,Reduction of trihalomethane formation and detoxification of microcystins in tap water by ozonation,"Thapsingkaew O, Kijjanapanich V, Ruangyuttikarn W. Reduction of trihalomethane formation and detoxification of microcystins in tap water by ozonation. J Water Health. 2008;6(2):281–8.",,,,,False,
DOI0490,REF0509,Comparison of two validated gas-chromatographic methods for the determination of trihalomethanes in drinking water,"Tominaga M, Midio A. Comparison of two validated gas-chromatographic methods for the determination of trihalomethanes in drinking water. Brazilian J Pharm Sci. 2003;39(2):195–202.",,,,,False,
DOI0491,REF0510,Assessment on the trihalomethanes formation potential of Tan Hiep Water Treatment Plant,"Trang V, Phuong L, Dan N, Thanh B, Visvanathan C. Assessment on the trihalomethanes formation potential of Tan Hiep Water Treatment Plant. J Water Sustain. 2012;2(1):43–53.",10.5194/egusphere-egu24-10984,10.5194/egusphere-egu24-10984,original,https://doi.org/10.5194/egusphere-egu24-10984,True,
DOI0492,REF0511,SỬ DỤNG KỸ THUẬT KHÔNG GIAN HƠI KẾT HỢP GC-ECD (HS/GC/ECD) ĐỂ XÁC ĐNNH TRIHALOMETHANES TRONG NƯỚC MÁY TẠI THỪA THIÊN HUẾ [USING GC-ECD COMBINED SPACE TECHNIQUE (HS/GC/ECD) FOR CONFIRMING TRIHALOMETHANES IN TAKING WATER AT THUA THIEN HUE],"Tú’ N, Hien N. SỬ DỤNG KỸ THUẬT KHÔNG GIAN HƠI KẾT HỢP GC-ECD (HS/GC/ECD) ĐỂ XÁC ĐNNH TRIHALOMETHANES TRONG NƯỚC MÁY TẠI THỪA THIÊN HUẾ [USING GC-ECD COMBINED SPACE TECHNIQUE (HS/GC/ECD) FOR CONFIRMING TRIHALOMETHANES IN TAKING WATER AT THUA THIEN HUE]. TẠP CHÍ KHOA HỌC [Science Value]. 2009;(50):165–74.",,,,,False,
DOI0493,REF0512,"Determinación de trihalometanos en aguas de consumo humano por microextracción en fase sólida- cromatografía de gases en Pereira, Colombia","Vallejo Vargas OI, Beltrán L, Franco P, Montoya Navarrete CH, Alzate Rodríguez EJ, Reyes H. Determinación de trihalometanos en aguas de consumo humano por microextracción en fase sólida- cromatografía de gases en Pereira, Colombia. Rev Colomb Química. 2016;44(1):23–9.",10.15446/rev.colomb.quim.v44n1.54041,10.15446/rev.colomb.quim.v44n1.54041,original,https://doi.org/10.15446/rev.colomb.quim.v44n1.54041,True,
DOI0494,REF0513,"Risk assessment of trihalomethanes from tap water in Fortaleza, Brazil","Viana RB, Cavalcante RM, Braga FMG, et al. Risk assessment of trihalomethanes from tap water in Fortaleza, Brazil. Environ Monit Assess. 2009;151(1–4):317–25.",,,,,False,
DOI0495,REF0515,"Variation and relationship of THMs between tap water and finished water in Yancheng City, China","Wang Y, Zhu G, Engel B. Variation and relationship of THMs between tap water and finished water in Yancheng City, China. Environ Monit Assess. 2018;190(9):517.",,,,,False,
DOI0496,REF0516,"Removal of surrogates for natural organic matter andthe probability of finding trihalomethanes in the producedwater supply from small waterworks in Chiang Mai,Thailand","Wattanachira S, Musikavong C, Permsuk O, Pavasant P. Removal of surrogates for natural organic matter andthe probability of finding trihalomethanes in the producedwater supply from small waterworks in Chiang Mai,Thailand. Songklanakarin J Sci Technol. 2004;26(Suppl 1):25–35.",,,,,False,
DOI0497,REF0517,"Spatial and temporal evaluations of disinfection by-products in drinking water distribution systems in Beijing, China","Wei J, Ye B, Wang W, Yang L, Tao J, Hang Z. Spatial and temporal evaluations of disinfection by-products in drinking water distribution systems in Beijing, China. Sci Total Environ. 2010;408(20):4600–6.",10.1016/j.scitotenv.2010.06.053,10.1016/j.scitotenv.2010.06.053,original,https://doi.org/10.1016/j.scitotenv.2010.06.053,True,
DOI0498,REF0518,Occurrence of Disinfection By-products in Drinking Water Served by a Large Water Plant in Wuhan,"Xie S, Tan Y, Zhou W. Occurrence of Disinfection By-products in Drinking Water Served by a Large Water Plant in Wuhan. J Env Heal. 2010;27(1):5–7.",,,,,False,
DOI0499,REF0519,Formation and modeling of disinfection by-products in drinking water of six cities in China,"Ye B, Wang W, Yang L, Wei J, E X. Formation and modeling of disinfection by-products in drinking water of six cities in China. J Environ Monit. 2011;13(5):1271.",10.1039/c0em00795a,10.1039/c0em00795a,original,https://doi.org/10.1039/c0em00795a,True,
DOI0500,REF0521,Speciation and distribution of trihalomethanes in the drinking water of Hong Kong,Yu J. Speciation and distribution of trihalomethanes in the drinking water of Hong Kong. Environ Int. 1999;25(5):605–11.,,,,,False,
DOI0501,REF0522,"Studies on Contamination Levels of Chlorinated Trihalomethanes (Thms) Disinfection By-Products (Dbps) In A Community Drinking Water Supply In Hossana Town, Ethiopia","Zelew D, Esatu H, Gebrehiwot H. Studies on Contamination Levels of Chlorinated Trihalomethanes (Thms) Disinfection By-Products (Dbps) In A Community Drinking Water Supply In Hossana Town, Ethiopia. Int J Env Sci Nat Res. 2018;10(1).",10.1007/s13201-018-0771-1,10.1007/s13201-018-0771-1,original,https://doi.org/10.1007/s13201-018-0771-1,True,
DOI0502,REF0523,Estimating and comparing the cancer risks from THMs and low-level arsenic in drinking water based on disability-adjusted life years,"Zhang H, Chang S, Wang L, Wang W. Estimating and comparing the cancer risks from THMs and low-level arsenic in drinking water based on disability-adjusted life years. Water Res. 2018;145:83–93.",10.1016/j.watres.2018.08.012,10.1016/j.watres.2018.08.012,original,https://doi.org/10.1016/j.watres.2018.08.012,True,
DOI0503,REF0524,"Investigation of the content of trihalomethanes in drinking water in Nanjing, 2009-2013","Zhang J, Ge M, Li J, Chen C. Investigation of the content of trihalomethanes in drinking water in Nanjing, 2009-2013. Mod Prev Med. 2015;42(5):795–7.",,,,,False,
DOI0504,REF0525,"Determination of Trihalomethanes in Drinking Water from Beijing, People?s Republic of China","Zhao RS, Wang XT, Wei AX, Xu XB. Determination of Trihalomethanes in Drinking Water from Beijing, People?s Republic of China. Bull Environ Contam Toxicol. 2004;73(1).",10.1007/s00128-004-0401-5,10.1007/s00128-004-0401-5,original,https://doi.org/10.1007/s00128-004-0401-5,True,
DOI0505,REF0526,The concentrations of trihalomethanes in tap water in Wuxi City and their cancerigenic risks to adults,"Zhou W, Chen X, Huang C, Ding X. The concentrations of trihalomethanes in tap water in Wuxi City and their cancerigenic risks to adults. Pr Prev Med. 2015;22(5):550–2.",,,,,False,
DOI0506,REF0557,Available from: http://slideplayer.com/slide/4246604/,"Kovacs M, Ristoiu D, Haiduc I, Vancea S. Disinfection eficiency? Trihalomethanes formation after chlorination process [Power Point Presentation] [Internet]. Power Point Presentation. 2018. Available from: http://slideplayer.com/slide/4246604/",,,,,False,http://slideplayer.com/slide/4246604/
DOI0507,REF0564,The official website of eThekwini municipality,The official website of eThekwini municipality. Potable Water Quality [Internet]. Available from: http://www.durban.gov.za/City_Services/water_sanitation/Water_Quality/Pages/Potable_Water_Status.aspx,,,,,False,http://www.durban.gov.za/City_Services/water_sanitation/Water_Quality/Pages/Potable_Water_Status.aspx
DOI0508,REF0570,/2017 annual report [Internet],Magalies Water 2016/2017 annual report [Internet]. Available from: http://www.magalieswater.co.za/wp-content/uploads/2018/02/Annual-Report-1617.pdf,,,,,False,http://www.magalieswater.co.za/wp-content/uploads/2018/02/Annual-Report-1617.pdf
DOI0509,REF0575,Available from: http://www.ppwsa.com.kh/Administration/downloads/system/water-quality/CocaCola_Water_Analysis_2013.pdf,PPWSA. (Phnom Penh Water Supply Authority). Asia Pacific Technical Centre [Internet]. 2013. Available from: http://www.ppwsa.com.kh/Administration/downloads/system/water-quality/CocaCola_Water_Analysis_2013.pdf,,,,,False,http://www.ppwsa.com.kh/Administration/downloads/system/water-quality/CocaCola_Water_Analysis_2013.pdf
DOI0510,REF0594,Available from: https://f1000research.com/slides/7-652,"Arnold M, Imran A, Liesner F, Godfrey A, Nelson A. Are there any health hazards from disinfection by-products in humanitarian water? Findings from an MSF water treatment plant - Palorinya, Uganda [Internet]. MSF Scientific Days. 2018. Available from: https://f1000research.com/slides/7-652",,,,,False,https://f1000research.com/slides/7-652
DOI0511,REF0605,Available from: https://repositorio.unb.br/handle/10482/3636,Leão V. Água tratada: formação de trialometanos pelo uso do cloro e os riscos potenciais à saúde pública em cidades da mesorregião do leste rondoniense. Dissertação (Mestrado em Ciências da Saúde)-Universidade de Brasília [Internet]. Brasília; 2008. Available from: https://repositorio.unb.br/handle/10482/3636,,,,,False,https://repositorio.unb.br/handle/10482/3636
DOI0512,REF0606,Available from: https://resource.capetown.gov.za/documentcentre/Documents/City research reports and review/Analytical Drinking Water Data 1 July 2015 to 30 June 2016.pdf,Gov CT. ANALYTICAL DATA AND APPROXIMATE DISTRIBUTION FOR CAPE TOWN DRINKING WATER Sample period: 1 July 2015 to 30 June 201 [Internet]. 2016. Available from: https://resource.capetown.gov.za/documentcentre/Documents/City research reports and review/Analytical Drinking Water Data 1 July 2015 to 30 June 2016.pdf,,,,,False,https://resource.capetown.gov.za/documentcentre/Documents/City
DOI0513,REF0608,Available from: https://slidetodoc.com/water-quality-and-health-albanian-case-tania-floqi/,Floqi T. Water quality and health - Albanian case [Internet]. Water Quality Control. From concept to action. 2007. Available from: https://slidetodoc.com/water-quality-and-health-albanian-case-tania-floqi/,,,,,False,https://slidetodoc.com/water-quality-and-health-albanian-case-tania-floqi/
DOI0514,REF0640,online report (https://www.randwater.co.za/),online report (https://www.randwater.co.za/),,,,,False,https://www.randwater.co.za/
DOI0515,REF0644,Determinação simultânea de trialometanos e agrotóxicos em água por cromatografia gasosa,"Carlos EA, Neves AA, Reis C, Queiroz MELR de. Determinação simultânea de trialometanos e agrotóxicos em água por cromatografia gasosa. Quim Nova. 2011;34(2):272–8. https://www.scielo.br/j/qn/a/DMHRNdtd7bRXhTgPGwzdKjM/",10.1590/s0100-40422011000200019,10.1590/s0100-40422011000200019,original,https://doi.org/10.1590/s0100-40422011000200019,True,https://www.scielo.br/j/qn/a/DMHRNdtd7bRXhTgPGwzdKjM/
DOI0516,REF0645,online annual report (https://www.turkiye.gov.tr/istanbul-su-ve-kanalizasyon-idaresi),online annual report (https://www.turkiye.gov.tr/istanbul-su-ve-kanalizasyon-idaresi),,,,,False,https://www.turkiye.gov.tr/istanbul-su-ve-kanalizasyon-idaresi
DOI0673,REF0444,Water Research 2023 - THM global assessment,Evlampidou et al. 2020 (acknowledgements),,,,,False,
DOI0674,REF0445,Water Research 2023 - THM global assessment,Evlampidou et al. 2020 (acknowledgments),,,,,False,
DOI0675,REF0446,Water Research 2023 - THM global assessment,Evlampidou et al. 2020 (co-author),,,,,False,
DOI0676,REF0447,Water Research 2023 - THM global assessment,Evlampidou et al. 2020 (suppl. information),,,,,False,
DOI0677,REF0478,NB EAS 12:2000 Drinking (potable) water –specification (Eau potable- specification),NB EAS 12:2000 Drinking (potable) water –specification (Eau potable- specification),,,,,False,
DOI0678,REF0492,Present study (acknowledgements),Present study (acknowledgements),,,,,False,
DOI0679,REF0493,Present study (co-author),Present study (co-author),,,,,False,
DOI0680,REF0514,"Fiji National Drinking Water Quality Standards 2011 ((FNDWQS), under Ministry of Health)","Fiji National Drinking Water Quality Standards 2011 ((FNDWQS), under Ministry of Health)",,,,,False,
DOI0681,REF0520,"Yemen Quality Standards (2000). Yemen Drinking Water Supply. Water Quality Control, Yemen","Yemen Quality Standards (2000). Yemen Drinking Water Supply. Water Quality Control, Yemen",,,,,False,
DOI0682,REF0527,"[NC 207: 2014 Standard for water intended for human consumption] ""NC 207: 2014 Norme pour l’eau destinée à la consommation humaine"" (Agence Nationale des Normes et Qualité, Yaoundé)","[NC 207: 2014 Standard for water intended for human consumption] ""NC 207: 2014 Norme pour l’eau destinée à la consommation humaine"" (Agence Nationale des Normes et Qualité, Yaoundé)",10.17184/eac.7047,10.17184/eac.7047,original,https://doi.org/10.17184/eac.7047,True,
DOI0683,REF0528,[REPUBLIC OF HONDURAS MINISTRY OF HEALTH - Technical Standard for Water Quality 1995] REPÚBLICA DE HONDURAS MINISTERIO DE SALUD - Norma Técnica para la calidad del Agua 1995,https://tinyurl.com/ynb35rrs,,,,,False,http://aguasdesiguatepeque.com/Imagenes/Archivos%20PDF/Norma%20Tecnica%20calidad%20del%20agua%20potable.pdf; https://tinyurl.com/ynb35rrs
DOI0684,REF0529,Syrian Arab Republic - Drinking Water Quality Standards 1994,http://applications.emro.who.int/dsaf/dsa1183.pdf,,,,,False,http://applications.emro.who.int/dsaf/dsa1183.pdf
DOI0685,REF0530,Indian Standard 10500: 2012 DRINKING WATER — SPECIFICATION (Second Revision). Amendment No.1 June 2015,https://tinyurl.com/mrx9267r,,,,,False,http://cgwb.gov.in/Documents/WQ-standards.pdf; https://tinyurl.com/mrx9267r
DOI0686,REF0531,Drinking Water Directive (Council Directive 98/83/EC of 3 November 1998 on the quality of water intended for human consumption).,https://tinyurl.com/5t4wvbpf | https://eur-lex.europa.eu/legal-content/EN/TXT/PDF/?uri=CELEX:32020L2184&from=EN,,,,,False,http://eur-lex.europa.eu/legal-content/EN/TXT/PDF/?uri=CELEX:31998L0083&from=EN; https://tinyurl.com/5t4wvbpf; https://eur-lex.europa.eu/legal-content/EN/TXT/PDF/?uri=CELEX:32020L2184&from=EN
DOI0687,REF0532,"[Regulation No. 379 date 25.5.2016 approving the regulation on the quality of drinking water] ""VENDIM Nr. 379, datë 25.5.2016 PËR MIRATIMIN E RREGULLORES “CILËSIA E UJIT TË PIJSHËM”""",https://tinyurl.com/yuwucjes,,,,,False,http://extwprlegs1.fao.org/docs/pdf/alb163693.pdf; https://tinyurl.com/yuwucjes
DOI0688,REF0533,"[Presidential Decree No. 261/11 of 6 October. Regulation on Water Quality] ""Decreto presidential n 261/11 de 6 de Outubro. Regulamento Sobre a Qualidade da Água""",https://tinyurl.com/p2hkmbk5,,,,,False,http://extwprlegs1.fao.org/docs/pdf/ang119447.pdf; https://tinyurl.com/p2hkmbk5
DOI0689,REF0534,"[24 JANUARY 2002. - Decree of the Government of the Brussels-Capital Region concerning the quality of water distributed by network]. ""24 JANVIER 2002. - Arrêté du Gouvernement de la Région de Bruxelles-Capitale relatif à la qualité de l'eau distribuée par réseau"" ""Le décret du 12.12.2002 (MB 14.01.2003 – err 20.05.2003) – relatif à la qualité de l’eau destinée à la consommation humaine."" ""Het besluit van de Vlaamse regering van 13 december 2002 houdende reglementeringen inzake de kwaliteit en levering van water bestemd voor menselijke consumptie""",https://tinyurl.com/muau8mck | https://etaamb.openjustice.be/fr/arrete-du-gouvernement-de-la-region-de-bruxellescapit_n2017031548.html,,,,,False,http://extwprlegs1.fao.org/docs/pdf/bel32578.pdf; https://tinyurl.com/muau8mck; https://etaamb.openjustice.be/fr/arrete-du-gouvernement-de-la-region-de-bruxellescapit_n2017031548.html
DOI0690,REF0535,"[Regulation amending the Regulation No. 9 on the quality of water intended for drinking and household purposes.]. ""Наредба за изменение и допълнение на Наредба No 9 от 2001 г. за качеството на водата, предназначена за питейно-битови цели""",https://tinyurl.com/yp27ttdw | http://extwprlegs1.fao.org/docs/pdf/bul33621.pdf,,,,,False,http://extwprlegs1.fao.org/docs/pdf/bul180911.pdf; https://tinyurl.com/yp27ttdw; http://extwprlegs1.fao.org/docs/pdf/bul33621.pdf
DOI0691,REF0536,"[Regulation on the parameters of assessment and methods of analysis of water for human consumption] 2013 ""PRAVILNIK O PARAMETRIMA SUKLADNOSTI I METODAMA ANALIZE VODE ZA LJUDSKU POTROŠNJU""",https://tinyurl.com/y88bmts6 | https://narodne-novine.nn.hr/clanci/sluzbeni/full/2008_04_47_1593.html,,,,,False,http://extwprlegs1.fao.org/docs/pdf/cro139920.pdf; https://tinyurl.com/y88bmts6; https://narodne-novine.nn.hr/clanci/sluzbeni/full/2008_04_47_1593.html
DOI0692,REF0537,"[Collection of Laws of the Czech Republic Regulation No. 83/2014 Coll. Decree amending Decree No 252/2004 Coll. laying down the sanitary requirements for drinking and hot water and the frequency and scope of inspection of drinking water, as amended by subsequent regulations] ""Sbírka zákonů ČR Předpis č. 83/2014 Sb. Vyhláška, kterou se mění vyhláška č. 252/2004 Sb., kterou se stanoví hygienické požadavky na pitnou a teplou vodu ačetnost a rozsah kontroly pitné vody, ve znění pozdějších předpisů""",https://tinyurl.com/3n4j65hk,,,,,False,http://extwprlegs1.fao.org/docs/pdf/cze141277.pdf; https://tinyurl.com/3n4j65hk
DOI0693,REF0538,"[Royal Decree No 1310 of 25/11/2015. Order on water quality and monitoring of water supply plants] ""BEK nr 1310 af 25/11/2015. Bekendtgørelse om vandkvalitet og tilsyn med vandforsyningsanlæg""",https://tinyurl.com/2p97t55w,,,,,False,http://extwprlegs1.fao.org/docs/pdf/den150549.pdf; https://tinyurl.com/2p97t55w
DOI0694,REF0539,"[Resolution n°458 of 2007 defining the maximum limits and necessary requirements for drinking water and its domestic use] ""قرار رقم ٤٥٨ لسنة ٢٠٠٧ بشأن الحدود القصوى للمعايير والمواصفات الواجب توافرها في المياه الصالحة للشرب والإستخدام المنزلي""",https://tinyurl.com/ye22sadb,,,,,False,http://extwprlegs1.fao.org/docs/pdf/egy83626.pdf; https://tinyurl.com/ye22sadb
DOI0695,REF0540,"[Agreement No. 1,284 - NSO 13.07.01: 04 on drinking water (Update).] Acuerdo Nº1284 Norma Salvadoreña Obligatoria: Agua. Agua Potable (primera actualización) NSO 13.07.01:04",https://tinyurl.com/skbraf74 | http://extwprlegs1.fao.org/docs/pdf/els14859.pdf | http://usam.salud.gob.sv/archivos/pdf/normas/NORMA_AGUA_ENVASADA08.pdf,,,,,False,http://extwprlegs1.fao.org/docs/pdf/els63117.pdf; https://tinyurl.com/skbraf74; http://extwprlegs1.fao.org/docs/pdf/els14859.pdf; http://usam.salud.gob.sv/archivos/pdf/normas/NORMA_AGUA_ENVASADA08.pdf
DOI0696,REF0541,"Mandatory Harmlessness and Quality Requirements for Drinking Water, and the Procedures for Monitoring and Control Thereof 14 November 2017",https://tinyurl.com/5n8c699w,,,,,False,http://extwprlegs1.fao.org/docs/pdf/lat182092.pdf; https://tinyurl.com/5n8c699w
DOI0697,REF0542,"[DECREE No. 2003-941 relating to water monitoring, control of water intended for human consumption and priorities for access to water resources] DECRET N° 2003- 941, relatif à la surveillance de l’eau, au contrôle des eaux destinées à la consommation humaine et aux priorités d’accès à la ressource en eau",https://tinyurl.com/y5rvvu8v,,,,,False,http://extwprlegs1.fao.org/docs/pdf/mad92366.pdf; https://tinyurl.com/y5rvvu8v
DOI0698,REF0543,"LN299 of 2017 Quality of water intended for human consumption (amendment) Regulations, 2017)",https://tinyurl.com/z8mmuhfz,,,,,False,http://extwprlegs1.fao.org/docs/pdf/mlt172288.pdf; https://tinyurl.com/z8mmuhfz
DOI0699,REF0544,"[Order No. 141/MSP/LCE/DGSPIDS of September 27, 2004 setting drinking water potability standards] Arrete No 141/MSP/LCE/DGSPIDS du 27 septembre 2004 fixant les normes de potabilite de I'eau de boisson.",https://tinyurl.com/22k4zd9m,,,,,False,http://extwprlegs1.fao.org/docs/pdf/ner95228.pdf; https://tinyurl.com/22k4zd9m
DOI0700,REF0545,"[Collection of laws no. 496/2010 which amends the regulation of the Government of the Slovak Republic no. 354/2006 Coll., establishing requirements for water int+E108ended for human consumption and quality control of water intended for human consumption] Zbierka zákonov č. 496/2010 ktorým sa mení a dopĺňa nariadenie vlády Slovenskej republiky č. 354/2006 Z. z., ktorým sa ustanovujú požiadavky na vodu určenú na ľudskú spotrebu a kontrolu kvality vody určenej na ľudskú spotrebu",https://tinyurl.com/255eea2j,,,,,False,http://extwprlegs1.fao.org/docs/pdf/slo124701.pdf; https://tinyurl.com/255eea2j
DOI0701,REF0546,Uganda Standard US EAS 12:2014 Drinking (potable) water - Specification,https://tinyurl.com/2trjhwpx,,,,,False,http://extwprlegs1.fao.org/docs/pdf/uga205721.pdf; https://tinyurl.com/2trjhwpx
DOI0702,REF0547,"[Resolution 2115 of 2007] ""Resolucion 2115 de 2007""",https://tinyurl.com/y6f34x98 | https://alquimdecim.files.wordpress.com/2013/10/normas_oficiales_para_la_calidad_del_agua_colombia.pdf,,,,,False,http://extwprlegs1.fao.org/docs/texts/col75480.doc; https://tinyurl.com/y6f34x98; https://alquimdecim.files.wordpress.com/2013/10/normas_oficiales_para_la_calidad_del_agua_colombia.pdf
DOI0703,REF0548,"[Regulation No. 82 of the Minister of Social Affairs of 31 July 2001 (RTL 2001, 100, 1369) Amendment No. 97 of 14.12.2009 entered into force 1.01.2010] Joogivee kvaliteedi- ja kontrollinõuded ning analüüsimeetodid. Vastu võetud 31.07.2001 nr 82. Avaldamismärge: RTL 2009, 99, 1482 Sotsiaalministri määruste muutmine seoses Terviseameti moodustamisega. Vastu võetud 14.12.2009 nr 97",https://tinyurl.com/nhdeb8xf | https://www.riigiteataja.ee/akt/27212 | https://www.riigiteataja.ee/akt/13245254,,,,,False,http://extwprlegs1.fao.org/docs/texts/est98585E.doc; https://tinyurl.com/nhdeb8xf; https://www.riigiteataja.ee/akt/27212; https://www.riigiteataja.ee/akt/13245254
DOI0704,REF0549,[Governmental Decree No. 201 of 2001 (X.25.) Korm. on quality standards for potable water and on rules of quality control.] 201/2001. (X. 25.) Korm. Rendelet az ivóvíz minőségi követelményeiről és az ellenőrzés rendjéről,https://tinyurl.com/yc4ckdh2,,,,,False,http://extwprlegs1.fao.org/docs/texts/hun97809.doc; https://tinyurl.com/yc4ckdh2
DOI0705,REF0550,"[MNS 0900:2005 Drinking water. Hygienic requirements and their control] MNS 0900:2005 Ундны ус. Эрүүл ахуйн шаардлага, түүнд тавих хяналт",https://tinyurl.com/573kedeh,,,,,False,http://greenassessment.mn/upload/files/20051208_MNS_0900_2005_%D0%A5%D2%AF%D1%80%D1%8D%D1%8D%D0%BB%D1%8D%D0%BD_%D0%B1%D1%83%D0%B9_%D0%BE%D1%80%D1%87%D0%B8%D0%BD._%D0%AD%D1%80%D2%AF%D2%AF%D0%BB_%D0%BC%D1%8D%D0%BD%D0%B4%D0%B8%D0%B9%D0%B3_%D1%85%D0%B0%D0%BC%D0%B3%D0%B0%D0%B0%D0%BB%D0%B0%D1%85_._%D0%90%D1%8E%D1%83%D0%BB%D0%B3%D2%AF%D0%B9_%D0%B1%D0%B0%D0%B9%D0%B4%D0%B0%D0%BB_._%D0%A3%D0%BD%D0%B4%D0%BD%D1%8B_%D1%83%D1%81_.pdf; https://tinyurl.com/573kedeh
DOI0706,REF0551,Performance indicators for water supply and sanitation service in the republic of Tajikistan: Regulatory and Statutory Requirements. Reference Guide.2017,https://tinyurl.com/54yy7uty | http://www.tajwss.tj/new/images/dwlaw.pdf,,,,,False,http://istemol.tj/wp-content/uploads/2020/03/FINAL_SPI_-eng_edit-Oct-6_MB-edit.pdf; https://tinyurl.com/54yy7uty; http://www.tajwss.tj/new/images/dwlaw.pdf
DOI0707,REF0552,Règlement grand-ducal du 7 octobre 2002 relatif à la qualité des eaux destinées à la consommation humaine.,https://tinyurl.com/32erkt9c,,,,,False,http://legilux.public.lu/eli/etat/leg/rgd/2002/10/07/n1/jo; https://tinyurl.com/32erkt9c
DOI0708,REF0553,"Drinking-Water Standard IQS: 417, 2001, “Iraqi Criteria and Standards for drinking water, chemical limits,” 2nd update 2009 for chemical and physical limits, 2009.",http://open_jicareport.jica.go.jp/pdf/257895.pdf,,,,,False,http://open_jicareport.jica.go.jp/pdf/257895.pdf
DOI0709,REF0554,Cambodian National Drinking Water Quality Standards. Ministry of Industry Mines And Energy,https://tinyurl.com/nhs9yzan,,,,,False,http://rdic.org/wp-content/uploads/2014/12/MIME-Drinking-Water-Quality-Standards-2004-en.pdf; https://tinyurl.com/nhs9yzan
DOI0710,REF0555,"[Decree 42-05 Establishes the Regulation of Water for Human Consumption, State Secretariat of Public Health and Social Assistance (SESPAS) 2005.] ""Decreto 42-05 Establece el Reglamento de Aguas Consumo Humano, Secretaría de Estado de Salud Pública y Asistencia Social (SESPAS) 2005""",https://tinyurl.com/vznrp9vc,,,,,False,http://repositorio.msp.gob.do/handle/123456789/1187; https://tinyurl.com/vznrp9vc
DOI0711,REF0556,"[ARGENTINE FOOD CODE Joint Resolution 68/2007 and 196/2007 Amendment.] ""CODIGO ALIMENTARIO ARGENTINO Resolución Conjunta 68/2007 y 196/2007 Modificación.""",https://tinyurl.com/26wh3w9f,,,,,False,http://servicios.infoleg.gob.ar/infolegInternet/anexos/125000-129999/128630/norma.htm; https://tinyurl.com/26wh3w9f
DOI0712,REF0558,SLS 21:2010 Water Quality _ Specification for drinking water,https://tinyurl.com/2p9ph4v3 | http://interaide.org/watsan/sl/wp-content/uploads/2015/07/National-WASH-Policy-Final-2010.pdf,,,,,False,http://slsb.gov.sl/index.php/catalogue; https://tinyurl.com/2p9ph4v3; http://interaide.org/watsan/sl/wp-content/uploads/2015/07/National-WASH-Policy-Final-2010.pdf
DOI0713,REF0559,"[Bolivian Standard NB 512 Drinking Water Requirements] 2004. ""Norma Boliviana NB 512 Agua Potable Requisitos""",https://tinyurl.com/3p2x6uss | http://www.anesapa.org/data/files/NB512-REGLAM-CtrlCalidadAguaCH.pdf,,,,,False,http://www.anesapa.org/data/files/NB512-AP_Requisitos.pdf; https://tinyurl.com/3p2x6uss; http://www.anesapa.org/data/files/NB512-REGLAM-CtrlCalidadAguaCH.pdf
DOI0714,REF0560,National report water quality standards and norms in the republic of Uzbekistan ISBN 978-601-7265-02-1,https://tinyurl.com/24ykj4vs | https://minzdrav.uz/documentation/detail.php?ID=51203#,,,,,False,http://www.cawater-info.net/water_quality_in_ca/files/uzbekistan_en.pdf; https://tinyurl.com/24ykj4vs; https://minzdrav.uz/documentation/detail.php?ID=51203#
DOI0715,REF0561,"[GUATEMALAN TECHNICAL STANDARD, COGUANOR NTG 29001. Water for human consumption (drinking water). Specs. (2013)] NORMA TÉCNICA GUATEMALTECA, COGUANOR NTG 29001. Agua para consumo humano (agua potable). Especificaciones. (2013)",https://tinyurl.com/3nx9nk5r | http://www.ingenieroambiental.com/4014/01.norma-guatemala.pdf,,,,,False,http://www.copresam.gob.gt/wp-content/uploads/2021/01/Norma-Tecnica-Guatemalteca-NTG29001.pdf; https://tinyurl.com/3nx9nk5r; http://www.ingenieroambiental.com/4014/01.norma-guatemala.pdf
DOI0716,REF0562,"[The Quality of Water for Human Consumption (Monitoring and Control) Law of 2001 (Law 87(I)/2001)] ""Ο Περί της Ποιότητας του Νερού Ανθρώπινης Κατανάλωσης (Παρακολούθηση και Έλεγχος) Νόμος του 2001 (Ν. 87(I)/2001)""",https://tinyurl.com/yzw5detn,,,,,False,http://www.cylaw.org/nomoi/indexes/2001_1_87.html; https://tinyurl.com/yzw5detn
DOI0717,REF0563,Reglamento de la calidad de agua para consumo humano DS N° 031-2010-SA,https://tinyurl.com/bdfd3fb6 | http://www.ana.gob.pe/sites/default/files/normatividad/files/ds-ndeg-015-2015-minam.pdf,,,,,False,http://www.digesa.minsa.gob.pe/publicaciones/descargas/Reglamento_Calidad_Agua.pdf; https://tinyurl.com/bdfd3fb6; http://www.ana.gob.pe/sites/default/files/normatividad/files/ds-ndeg-015-2015-minam.pdf
DOI0718,REF0565,National Standard for Drinking Water Quality 2004,https://tinyurl.com/yn26xd36,,,,,False,http://www.gunungganang.com.my/pdf/Malaysian-Policies-Standards-Guidelines/Standards/National%20Drinking%20Water%20Quality%20Standard.pdf; https://tinyurl.com/yn26xd36
DOI0719,REF0566,Ghana Standard GS 175-1:2013 Water Quality - Specification for Drinking Water,https://tinyurl.com/yck6hnxf,,,,,False,http://www.gwcl.com.gh/national_drinking_water_quality__management_framework.pdf; https://tinyurl.com/yck6hnxf
DOI0720,REF0567,GB 5749-2006 Standards for drinking water quality,https://tinyurl.com/yckdxccn,,,,,False,http://www.iwa-network.org/filemanager-uploads/WQ_Compendium/Database/Selected_guidelines/016.pdf; https://tinyurl.com/yckdxccn
DOI0721,REF0568,Resolution on enactment of sanitary rules. June 2010,https://tinyurl.com/mpbdrch9,,,,,False,http://www.iwa-network.org/filemanager-uploads/WQ_Compendium/Database/Selected_guidelines/038.pdf; https://tinyurl.com/mpbdrch9
DOI0722,REF0569,"Drinking Water, 161:2016 NL, ICS 13.060.20, 2016 ; Ministry of Environment Decree No 52/1 - Standards for the Minimization of Pollution of Air, Water and Soil 2006",https://tinyurl.com/4wthy5ms,,,,,False,http://www.libnor.gov.lb/ViewCatalogs.aspx?language=en&title=drinking%20water; https://tinyurl.com/4wthy5ms
DOI0723,REF0571,[Ministerial Ordinance Concerning Drinking Water Quality Standards - 2010] ○水質基準に関する省令,https://tinyurl.com/372z8zf7 | http://www.nilim.go.jp/lab/bcg/siryou/tnn/tnn0264pdf/ks0264011.pdf | http://www.mhlw.go.jp/english/policy/health/water_supply/4.html,,,,,False,http://www.mhlw.go.jp/english/policy/health/water_supply/dl/4a.pdf; https://tinyurl.com/372z8zf7; http://www.nilim.go.jp/lab/bcg/siryou/tnn/tnn0264pdf/ks0264011.pdf; http://www.mhlw.go.jp/english/policy/health/water_supply/4.html
DOI0724,REF0572,[Omani Standard No 8/2012 Unbottled Drinking Water] مياه الشرب غير المعبأة,https://tinyurl.com/48xaxcjd,,,,,False,http://www.pdo.co.om/hseforcontractors/LegalRequirements/OS%208-2012-E-Unbottled%20Drinking%20Water%20Standard.pdf; https://tinyurl.com/48xaxcjd
DOI0725,REF0573,"[Drinking Water Quality Regulations 2015] ""Reglamento para la Calidad del Agua Potable 2015""",https://tinyurl.com/mr2ff8j6,,,,,False,http://www.pgrweb.go.cr/scij/Busqueda/Normativa/Normas/nrm_texto_completo.aspx?nValor1=1&nValor2=80047#ddown; https://tinyurl.com/mr2ff8j6
DOI0726,REF0574,"[Rules on drinking water (Official Gazette of the Republic of Slovenia, no. 19/04 , 35/04 , 26/06 , 92/06 , 25/09 , 74/15 and 51/17] Pravilnik o pitni vodi (Ur. list RS št. 19/2004, 35/2004, 26/2006, 92/2006, 25/2009 in 74/2015)",https://tinyurl.com/2adx5wwv,,,,,False,http://www.pisrs.si/Pis.web/pregledPredpisa?id=PRAV3713; https://tinyurl.com/2adx5wwv
DOI0727,REF0576,Kenya Standard KS EAS 12.2014 Potable water — Specification,https://tinyurl.com/bdhsb6m4 | https://www.nema.go.ke/images/Docs/water/water_quality_regulations.pdf | https://s3.amazonaws.com/helpscout.net/docs/assets/536fb913e4b03c6512282450/attachments/57864937903360751e722426/Water-Quality-&-Effluent-Monitoring-Guidelines.pdf,,,,,False,http://www.puntofocal.gov.ar/notific_otros_miembros/ken470_t.pdf; https://tinyurl.com/bdhsb6m4; https://www.nema.go.ke/images/Docs/water/water_quality_regulations.pdf; https://s3.amazonaws.com/helpscout.net/docs/assets/536fb913e4b03c6512282450/attachments/57864937903360751e722426/Water-Quality-&-Effluent-Monitoring-Guidelines.pdf
DOI0728,REF0577,"Drinking Water Quality - Specification), Zambian Bureau of Standards. ZS 190:2010, ICS 13.060.20",https://tinyurl.com/mryrxcvw,,,,,False,http://www.puntofocal.gov.ar/notific_otros_miembros/zmb48_t.pdf; https://tinyurl.com/mryrxcvw
DOI0729,REF0578,Palestinian Water Authority: Water Law No. 3. 2002,https://tinyurl.com/yc66duyh,,,,,False,http://www.pwa.ps/userfiles/file/water-law-App_-E1.pdf; https://tinyurl.com/yc66duyh
DOI0730,REF0579,[Regulation on waters for human consumption] İNSANİ TÜKETİM AMAÇLI SULAR HAKKINDA YÖNETMELİKTE,https://tinyurl.com/4vxkm5y8,,,,,False,http://www.resmigazete.gov.tr/eskiler/2013/03/20130307-7.htm; https://tinyurl.com/4vxkm5y8
DOI0731,REF0580,Norme Tunisienne NT 09-14 (2013) relative a la qualite des eaux de boisson,http://www.sonede.com.tn/fileadmin/medias/doc/Rapport_PGES-6-01-2015.pdf | http://www.citet.nat.tn/Portail/doc/SYRACUSE/14700/norme-tunisienne-enregistree-nt-iso-5667-5-1991-qualite-de-l-eau-echantillonnage-partie-5-guide-pour?_lg=fr-FR,,,,,False,http://www.sonede.com.tn/fileadmin/medias/doc/Rapport_PGES-6-01-2015.pdf; http://www.citet.nat.tn/Portail/doc/SYRACUSE/14700/norme-tunisienne-enregistree-nt-iso-5667-5-1991-qualite-de-l-eau-echantillonnage-partie-5-guide-pour?_lg=fr-FR
DOI0732,REF0581,[Implementation of Directive 98/83 / EC relating to the quality of water intended for human consumption] Attuazione della direttiva 98/83/CE relativa alla qualità delle acque destinate al consumo umano,https://tinyurl.com/558fxp6u,,,,,False,http://www.trovanorme.salute.gov.it/norme/dettaglioAtto?id=51112&completo=true; https://tinyurl.com/558fxp6u
DOI0733,REF0582,"Notification of the Ministry of Industry, No. 322, B.E. 2521 (1978), issued under the Industrial Products Standards Act B.E. 2511 (1968)",https://tinyurl.com/3wm9x2rm | http://www.wepa-db.net/policies/law/thailand/std_drinking.htm,,,,,False,http://www.wepa-db.net/policies/law/thailand/std_drinking.htm; https://tinyurl.com/3wm9x2rm
DOI0734,REF0583,"[On the approval of the State sanitary norms and rules ""Hygienic requirements for drinking water intended for human consumption"". Order 12.05.2010 No. 400]. Про затвердження Державних санітарних норм та правил ""Гігієнічні вимоги до води питної, призначеної для споживання людиною"". НАКАЗ 12.05.2010 No. 400.",https://tinyurl.com/yc4n6j3m | https://en.baker-group.net/articles/publikatsii/474-2015-09-29-20-08-53.html,,,,,False,http://zakon1.rada.gov.ua/laws/show/z0452-10/print; https://tinyurl.com/yc4n6j3m; https://en.baker-group.net/articles/publikatsii/474-2015-09-29-20-08-53.html
DOI0735,REF0584,"[Circular No. 04/2009/TT-BYT of June 17, 2009, on the issuance of “ National Technical Regulation on the Drinking Water Quality”]",https://tinyurl.com/2htfp9en,,,,,False,https://aigavn.com.vn/wp-content/uploads/2021/06/04_2009_TT-BYT_NATIONAL-TECHNICAL-REGULATION-ON-DRINKING-WATER-QUALITY-E.pdf; https://tinyurl.com/2htfp9en
DOI0736,REF0585,SANS 241-1:2015 SOUTH AFRICAN NATIONAL STANDARD,https://tinyurl.com/2kt6rt3d | http://www.iwa-network.org/filemanager-uploads/WQ_Compendium/Database/Selected_guidelines/041.pdf,,,,,False,https://alabbott.co.za/wp-content/uploads/2020/02/abbott_sans_241_test_requirements.pdf; https://tinyurl.com/2kt6rt3d; http://www.iwa-network.org/filemanager-uploads/WQ_Compendium/Database/Selected_guidelines/041.pdf
DOI0737,REF0586,"BOS 32: 2015 3rd ed. Drinking water - Specification. Botswana Bureau of Standards. BOS 32:2015. 3rd Edition. Gaborone, Botswana; 2015",https://tinyurl.com/4tdaj42v | https://www.water.gov.bw/images/Reports/Botswana-SA_Joint_Water_Quality_Baseline_Report_for_Limpopo_Transboundary_River_2013_(Final).pdf,,,,,False,https://bobstandards.bw/product/bos-322015-ed3/; https://tinyurl.com/4tdaj42v; https://www.water.gov.bw/images/Reports/Botswana-SA_Joint_Water_Quality_Baseline_Report_for_Limpopo_Transboundary_River_2013_(Final).pdf
DOI0738,REF0587,"[ORDINANCE GM/MS No. 888, OF MAY 4, 2021 on procedures for the control and surveillance of the quality of water for human consumption and its potability standard]. ""PORTARIA GM/MS Nº 888, DE 4 DE MAIO DE 2021 sobre os procedimentos de controle e de vigilância da qualidade da água para consumo humano e seu padrão de potabilidade""",https://tinyurl.com/vr9prcee | https://www.normasbrasil.com.br/norma/portaria-de-consolidacao-5-2017_356387.html,,,,,False,https://bvsms.saude.gov.br/bvs/saudelegis/gm/2021/prt0888_07_05_2021.html; https://tinyurl.com/vr9prcee; https://www.normasbrasil.com.br/norma/portaria-de-consolidacao-5-2017_356387.html
DOI0739,REF0588,"Water Safety Framework in Bangladesh, Ministry of Local Government, Rural Development and Cooperatives, Government of the People’s Republic of Bangladesh. October 2011",https://tinyurl.com/yc7wdb78 | http://dphe.gov.bd/site/page/15fa0d7b-11f1-45c0-a684-10a543376873/Water-Quality-Parameters-,,,,,False,https://cdn.who.int/media/docs/default-source/searo/bangladesh/pdf-reports/year-2007-2012/water-safety-framework-(wsf)-in-bangladesh---part-1.pdf?sfvrsn=5ee5fec1_2; https://tinyurl.com/yc7wdb78; http://dphe.gov.bd/site/page/15fa0d7b-11f1-45c0-a684-10a543376873/Water-Quality-Parameters-
DOI0740,REF0589,"[Drinking water - Requirements. Official Chilean Standard NCh409/1.Of2005.] ""Agua potable - Requisitos. Norma Chilena Oficial NCh409/1.Of2005""",https://tinyurl.com/54k7kc2m,,,,,False,https://ciperchile.cl/pdfs/11-2013/norovirus/NCh409.pdf; https://tinyurl.com/54k7kc2m
DOI0741,REF0590,"[National Drinking Water Quality Standards 2005] Unofficial Enlgish Translation from Nepali version of ""Rashtriya Khanepani Gunastar Mapdanda, 2062 tatha Rashtriya Khanepani Gunastar Mapdanda Karyanwayan Nirdeshika, 2062""",https://tinyurl.com/2s43dw2p,,,,,False,https://climate.mohp.gov.np/downloads/National_Drinking_Water_Quality_Standards_2005.pdf; https://tinyurl.com/2s43dw2p
DOI0742,REF0591,"[NC 827:2017 Drinking water - Sanitation requirements] ""NC 827:2017 Agua potable ― Requisitos sanitarios""",https://docplayer.es/23471608-Higiene-comunal-fuentes-de-abastecimiento-de-agua-calidad-y-proteccion-sanitaria.html,,,,,False,https://docplayer.es/23471608-Higiene-comunal-fuentes-de-abastecimiento-de-agua-calidad-y-proteccion-sanitaria.html
DOI0743,REF0592,Norma UNIT 833:2008 “Agua potable. Requisitos”,https://tinyurl.com/29jt477p,,,,,False,https://docplayer.es/28619993-Instituto-uruguayo-de-normas-tecnicas.html; https://tinyurl.com/29jt477p
DOI0744,REF0593,"[Lithuanian hygiene standards hn 24:2017 ""drinking water safety and quality requirements] 24:2017 „Geriamojo Vandens Saugos Ir Kokybės Resikalavimai",https://tinyurl.com/276ss86k,,,,,False,https://e-seimas.lrs.lt/portal/legalAct/lt/TAD/TAIS.216309/asr; https://tinyurl.com/276ss86k
DOI0745,REF0595,"[Decree-Law No. 152/2017, of December 7] Decreto-Lei n.º 152/2017, de 7 de dezembro",https://tinyurl.com/42y8jxm5,,,,,False,https://files.dre.pt/1s/2017/12/23500/0655506576.pdf; https://tinyurl.com/42y8jxm5
DOI0746,REF0596,"[Executive Decree No. 11-125 of 17 Rabie Ethani 1432 corresponding to 22 March 2011 relating to the quality of water for human consumption.] ""Dècret exècutif n 11-125 du 17 Rabie Ethani 1432 correspondant au 22 mars 2011 relatif à la qualitè de l'eau de consommation humaine""",https://tinyurl.com/3ap9eeaa,,,,,False,https://gazettes.africa/archive/dz/2011/dz-government-gazette-dated-2011-03-23-no-18.pdf; https://tinyurl.com/3ap9eeaa
DOI0747,REF0597,[Regulation on the Quality of Water for Human Consumption 2004] Regulamento sobre a Qualidade da Água para o Consumo Humano 2004,https://tinyurl.com/3y2dh93p,,,,,False,https://gazettes.africa/archive/mz/2004/mz-government-gazette-series-i-dated-2004-09-15-no-37.pdf; https://tinyurl.com/3y2dh93p
DOI0748,REF0598,[Regulation of the Minister of Health of 7 December 2017 on the quality of water intended for human consumptio] Rozporządzenie Ministra Zdrowia z dnia 7 grudnia 2017 r. w sprawie jakości wody przeznaczonej do spożycia przez ludzi,https://tinyurl.com/34krr848 | http://extwprlegs1.fao.org/docs/pdf/pol113702.pdf,,,,,False,https://isap.sejm.gov.pl/isap.nsf/download.xsp/WDU20170002294/O/D20172294.pdf; https://tinyurl.com/34krr848; http://extwprlegs1.fao.org/docs/pdf/pol113702.pdf
DOI0749,REF0599,"ISIRI 1053, 5th.revision, Institute of Standards and Industrial Research of Iran. Drinking water -Physical and chemical specifications 2010",https://leap.unep.org/countries/ir/national-legislation/iran-water-law-and-methods-nationalization-water,,,,,False,https://leap.unep.org/countries/ir/national-legislation/iran-water-law-and-methods-nationalization-water
DOI0750,REF0600,[Law no. 458/2002 regarding the quality of drinking water] Legea nr. 458/2002 privind calitatea apei potabile,https://tinyurl.com/42rna8c3,,,,,False,https://lege5.ro/Gratuit/gi3dinzzgi/legea-nr-458-2002-privind-calitatea-apei-potabile?d=03.11.2022; https://tinyurl.com/42rna8c3
DOI0751,REF0601,Samoa National Drinking Water Standards 2008,https://tinyurl.com/56bxnue8,,,,,False,https://library.sprep.org/content/samoa-national-drinking-water-standards-2008; https://tinyurl.com/56bxnue8
DOI0752,REF0602,[FOR-2016-12-22-1868 Regulations on water supply and drinking water (drinking water regulations)] FOR-2016-12-22-1868 Forskrift om vannforsyning og drikkevann (drikkevannsforskriften),https://tinyurl.com/2p8dv6am,,,,,False,https://lovdata.no/dokument/SF/forskrift/2016-12-22-1868; https://tinyurl.com/2p8dv6am
DOI0753,REF0603,"GOST 2874-82 * ""Drinking water. Hygienic requirements and quality control » [ГОСТ 2874-82* «Вода питьевая. Гигиенические требования и контроль за качеством»]",https://tinyurl.com/2chnwb33 | http://extwprlegs1.fao.org/docs/texts/kaz82120.doc,,,,,False,https://ohranatruda.ru/ot_biblio/norma/220583/; https://tinyurl.com/2chnwb33; http://extwprlegs1.fao.org/docs/texts/kaz82120.doc
DOI0754,REF0604,Sri Lanka Standard SPECIFICATION FOR POTABLE WATER SLS 614:2013,https://tinyurl.com/muhp9x77,,,,,False,https://pdfcoffee.com/sls-614-pdf-free.html; https://tinyurl.com/muhp9x77
DOI0755,REF0607,Nigerian Standard for Drinking Water Quality NIS 554: 2015,https://tinyurl.com/e7c8rx8s,,,,,False,https://rivwamis.riversstate.gov.ng/assets/files/Nigerian-Standard-for-Drinking-Water-Quality-NIS-554-2015.pdf; https://tinyurl.com/e7c8rx8s
DOI0756,REF0609,[Regulation of the Minister of Health on drinking water quality requirements.] Nomor 492/Menkes/Per/IV/2010,https://tinyurl.com/5h7m2heu,,,,,False,https://stunting.go.id/sdm_downloads/permenkes-no-492-tahun-2010-tentang-persyaratan-kualitas-air-minum/; https://tinyurl.com/5h7m2heu
DOI0757,REF0610,[Moroccan Norm NM 03.7.001 Quality of human drinking water 2006] Norm Marocaine NM 03.7.001 Qualité des eaux d'alimentation humane 2006,https://tinyurl.com/2j5h9ytt,,,,,False,https://toaz.info/doc-view; https://tinyurl.com/2j5h9ytt
DOI0758,REF0611,[Drinking water decree] Drinkwaterbesluit Geldend van 01-07-2022 t/m heden,https://tinyurl.com/4zk469b2,,,,,False,https://wetten.overheid.nl/BWBR0030111/2022-07-01; https://tinyurl.com/4zk469b2
DOI0759,REF0612,"Reglamento Técnico DGNT-COPANIT 23-395-99 Agua, Agua Potable Definiciones y Requistos Generales",https://tinyurl.com/5n7eyhvp,,,,,False,https://www.asep.gob.pa/wp-content/uploads/agua/legislacion/dgnti_23-395.pdf; https://tinyurl.com/5n7eyhvp
DOI0760,REF0613,Ley nº 1614 / general del marco regulatorio y tarifario del servicio público de provisión de agua potable y alcantarillado sanitario para la republica del paragua,https://tinyurl.com/4kyr2eah | http://redrural.org.py/biblioteca/wp-content/uploads/2014/03/LEY_1614-2000-_Servicios_de_agua_y_alcantarillado.pdf,,,,,False,https://www.bacn.gov.py/leyes-paraguayas/1694/ley-n-1614-general-del-marco-regulatorio-y-tarifario-del-servicio-publico-de-provision-de-agua-potable-y-alcantarillado-sanitario-para-la-republica-del-paraguay; https://tinyurl.com/4kyr2eah; http://redrural.org.py/biblioteca/wp-content/uploads/2014/03/LEY_1614-2000-_Servicios_de_agua_y_alcantarillado.pdf
DOI0761,REF0614,Drinking water Standards 2008,https://www.bebuffered.com/downloads/TechGuidelinesforImprovedconstructionandmanagementofHafir_2009.pdf | http://applications.emro.who.int/dsaf/dsa1183.pdf,,,,,False,https://www.bebuffered.com/downloads/TechGuidelinesforImprovedconstructionandmanagementofHafir_2009.pdf; http://applications.emro.who.int/dsaf/dsa1183.pdf
DOI0762,REF0615,"[Royal Decree 140/2003, of February 7, which establishes the health criteria for the quality of water for human consumption.] Real Decreto 140/2003, de 7 de febrero, por el que se establecen los criterios sanitarios de la calidad del agua de consumo humano.",https://tinyurl.com/5ah9927z,,,,,False,https://www.boe.es/buscar/act.php?id=BOE-A-2003-3596; https://tinyurl.com/5ah9927z
DOI0763,REF0616,[ORDINANCE ON THE QUALITY OF WATER INTENDED FOR HUMAN CONSUMPTION] Verordnung über die Qualität von Wasser für den menschlichen Gebrauch (Trinkwasserverordnung – TrinkwV 2001),https://tinyurl.com/95en675d,,,,,False,https://www.bundesgesundheitsministerium.de/fileadmin/Dateien/3_Downloads/E/Englische_Dateien/Drinking_Water_Ordinance.pdf; https://tinyurl.com/95en675d
DOI0764,REF0617,"Health Canada (2019). Guidelines for Canadian Drinking Water Quality—Summary Table. Water and Air Quality Bureau, Healthy Environments and Consumer Safety Branch, Health Canada, Ottawa, Ontario",https://tinyurl.com/ymu7jwmy,,,,,False,https://www.canada.ca/content/dam/hc-sc/migration/hc-sc/ewh-semt/alt_formats/pdf/pubs/water-eau/sum_guide-res_recom/sum_guide-res_recom-eng.pdf; https://tinyurl.com/ymu7jwmy
DOI0765,REF0618,"Drinking water specifications CES 58, Compulsory Ethiopian Standard, 1st edition 2013",https://tinyurl.com/ekbvjdsx,,,,,False,https://www.cmpethiopia.org/media/ethiopian_drinking_water_quality_standard_2013; https://tinyurl.com/ekbvjdsx
DOI0766,REF0619,"[Amendment of the Sanitary Provision common ministerial decision Y2/2600/2001 ""Quality of water intended for human consumption"", in compliance with Directive 98/83/EC of the Council of the European Union of 3 November 1998] Τροποποίηση της Υγειονομικής Διάταξης κοινής υπουργικής απόφασης Υ2/2600/2001 «Ποιότητα του νερού ανθρώπινης κατανάλωσης», σε συμμόρφωση προς την οδηγία 98/83/ΕΚ του Συμβουλίου της Ευρωπαϊκής Ένωσης της 3ης Νοεμβρίου 1998",https://tinyurl.com/ycxur84x,,,,,False,https://www.elinyae.gr/sites/default/files/2019-07/630b_07.1178194061365.pdf; https://tinyurl.com/ycxur84x
DOI0767,REF0620,National Primary Drinking Water Regulations,https://tinyurl.com/482kwxxz | https://nepis.epa.gov/Exe/ZyPDF.cgi?Dockey=P100C8XW.txt,,,,,False,https://www.epa.gov/ground-water-and-drinking-water/national-primary-drinking-water-regulations; https://tinyurl.com/482kwxxz; https://nepis.epa.gov/Exe/ZyPDF.cgi?Dockey=P100C8XW.txt
DOI0768,REF0621,"Water and Wastewater Quality Monitoring Guidelines for Water Utilities December, 2014",https://tinyurl.com/2v897j4u,,,,,False,https://www.ewura.go.tz/wp-content/uploads/2020/06/Water-and-Wastewater-Quality-Monitoring-Guidelines-2020.pdf; https://tinyurl.com/2v897j4u
DOI0769,REF0622,Philippine National Standards for Drinking Water 2017,https://tinyurl.com/y722hjpz | http://server2.denr.gov.ph/uploads/rmdd/dao-2016-08.pdf,,,,,False,https://www.fda.gov.ph/wp-content/uploads/2021/08/Administrative-Order-No.-2017-0010.pdf; https://tinyurl.com/y722hjpz; http://server2.denr.gov.ph/uploads/rmdd/dao-2016-08.pdf
DOI0770,REF0623,[DFI order on drinking water and water from bathing and shower facilities accessible to the public] Ordonnance du DFI sur l'eau potable et l'eau des installations de baignade et de douche accessible au public,https://tinyurl.com/2p92rfh8,,,,,False,https://www.fedlex.admin.ch/eli/cc/2017/153/fr#art_12; https://tinyurl.com/2p92rfh8
DOI0771,REF0624,[Decree of the Ministry of Health on the quality requirements for drinking water 19.5.2000/461] Terveysministeriön asetus talousveden laatuvaatimuksista 19.5.2000/461,https://tinyurl.com/4yn8zebd | http://extwprlegs1.fao.org/docs/pdf/fin12016.pdf | http://www.samk.fi/wp-content/uploads/2016/06/Summary-report-ed1.pdf,,,,,False,https://www.finlex.fi/fi/laki/alkup/2000/20000461; https://tinyurl.com/4yn8zebd; http://extwprlegs1.fao.org/docs/pdf/fin12016.pdf; http://www.samk.fi/wp-content/uploads/2016/06/Summary-report-ed1.pdf
DOI0772,REF0625,"Public Health Regulations (Sanitary Quality of Drinking Water And Drinking Water Facilities), 2013",https://tinyurl.com/2ek2zajm | https://www.health.gov.il/Subjects/Environmental_Health/drinking_water/Documents/Briut47-Eng.pdf,,,,,False,https://www.gov.il/he/Departments/legalInfo/briut47; https://tinyurl.com/2ek2zajm; https://www.health.gov.il/Subjects/Environmental_Health/drinking_water/Documents/Briut47-Eng.pdf
DOI0773,REF0626,GSO 149/2021. Gulf Technical Regulation.Unbottled drinking water.,https://tinyurl.com/3uhamjjb | http://www.thewatertreatments.com/water-treatment-news/water-quality-standards-saso-saudi/,,,,,False,https://www.gso.org.sa/store/standards/GSO:781296/GSO%20149:2021?lang=en; https://tinyurl.com/3uhamjjb; http://www.thewatertreatments.com/water-treatment-news/water-quality-standards-saso-saudi/
DOI0774,REF0627,"Norma Regional de Calidad del Agua. Comite Coordinador Regional de Instituciones de Agua Potable y Saneamiento de Centroamerica, Panama y Republica Dominicana – Capre 1994",https://tinyurl.com/2c5bxurv,,,,,False,https://www.ipsa.gob.ni/Portals/0/1%20Inocuidad%20Alimentaria/Normativas%20Generales/ACTUALIZACION%20051217/Secci%C3%B3n%20Inocuidad%20L%C3%A1cteos/Normas%20CAPRE.pdf.pdf; https://tinyurl.com/2c5bxurv
DOI0775,REF0628,STATUTORY INSTRUMENTS. S.I. No. 122 of 2014. EUROPEAN UNION (DRINKING WATER) REGULATIONS 2014,https://tinyurl.com/4sy7j5uz,,,,,False,https://www.irishstatutebook.ie/eli/2014/si/122/made/en/pdf; https://tinyurl.com/4sy7j5uz
DOI0776,REF0629,Management of Drinking-water Act 2008,https://tinyurl.com/3feu7cus | http://extwprlegs1.fao.org/docs/pdf/kor113264.pdf | http://www.iwa-network.org/filemanager-uploads/WQ_Compendium/Database/Future_analysis/071.pdf,,,,,False,https://www.iwa-network.org/filemanager-uploads/WQ_Compendium/Database/Future_analysis/071.pdf; https://tinyurl.com/3feu7cus; http://extwprlegs1.fao.org/docs/pdf/kor113264.pdf; http://www.iwa-network.org/filemanager-uploads/WQ_Compendium/Database/Future_analysis/071.pdf
DOI0777,REF0630,"[Order of 11 January 2007 on the quality limits and references of raw water and water intended for human consumption mentioned in Articles R. 1321-2, R. 1321-3, R. 1321-7 and R. 1321-38 of the Public Health Code] Arrêté du 11 janvier 2007 relatif aux limites et références de qualité des eaux brutes et des eaux destinées à la consommation humaine mentionnées aux articles R. 1321-2, R. 1321-3, R. 1321-7 et R. 1321-38 du code de la santé publique",https://tinyurl.com/46xvfjxv,,,,,False,https://www.legifrance.gouv.fr/jo_pdf.do?id=JORFTEXT000000465574; https://tinyurl.com/46xvfjxv
DOI0778,REF0631,The Water Supply (Water Quality) Regulations 2018. 2018 No. 647 (W. 121),https://tinyurl.com/ywx4tyxh,,,,,False,https://www.legislation.gov.uk/wsi/2018/647/contents/made; https://tinyurl.com/ywx4tyxh
DOI0779,REF0632,[Regulations on changes in the Swedish Food Agency regulations (SLVFS 2001:30) on drinking water] Föreskrifter om ändring i Livsmedelsverkets föreskrifter (SLVFS 2001:30) om dricksvatten,https://tinyurl.com/yc6vd72b,,,,,False,https://www.livsmedelsverket.se/globalassets/om-oss/lagstiftning/dricksvatten---naturl-mineralv---kallv/livsfs-2015-3.pdf; https://tinyurl.com/yc6vd72b
DOI0780,REF0633,Drinking-water Standards for New Zealand 2005 (Revised 2008),https://tinyurl.com/5cwnw7sm,,,,,False,https://www.moh.govt.nz/notebook/nbbooks.nsf/0/B9917ABBB22BE387CC2583B2007928FE/$file/dwsnz-2005-revised-mar2019.pdf; https://tinyurl.com/5cwnw7sm
DOI0781,REF0634,Environmental public health (quality of piped drinking water) regulations 2008,https://tinyurl.com/5ytxc4u8 | http://www.nea.gov.sg/docs/default-source/public-health/code-of-practice-on-piped-drinking-water-sampling-and-safety-plans.pdf?sfvrsn=2,,,,,False,https://www.nea.gov.sg/docs/default-source/our-services/environmental-public-health-(quality-of-piped-drinking-water)-regulations-(210-kb).pdf; https://tinyurl.com/5ytxc4u8; http://www.nea.gov.sg/docs/default-source/public-health/code-of-practice-on-piped-drinking-water-sampling-and-safety-plans.pdf?sfvrsn=2
DOI0782,REF0635,"Australian Drinking Water Guidelines 6 2011, Version 3.8 Updated September 2022",https://tinyurl.com/mr3jhvyb | http://pandora.nla.gov.au/pan/130652/20111205-1026/www.nhmrc.gov.au/_files_nhmrc/publications/attachments/eh52_aust_drinking_water_guidelines.pdf,10.26782/jmcms.spl.10/2020.06.00048,10.26782/jmcms.spl.10/2020.06.00048,original,https://doi.org/10.26782/jmcms.spl.10/2020.06.00048,True,https://www.nhmrc.gov.au/about-us/publications/australian-drinking-water-guidelines#block-views-block-file-attachments-content-block-1; https://tinyurl.com/mr3jhvyb; http://pandora.nla.gov.au/pan/130652/20111205-1026/www.nhmrc.gov.au/_files_nhmrc/publications/attachments/eh52_aust_drinking_water_guidelines.pdf
DOI0783,REF0636,Norma Técnica Ecuatoriana NTE INEN 1 108:2011Agua Potable Requisitos. Quinta revision 2014,https://tinyurl.com/y3yr4dfc,,,,,False,https://www.normalizacion.gob.ec/buzon/normas/nte_inen_1108-5.pdf; https://tinyurl.com/y3yr4dfc
DOI0784,REF0637,"[Rulebook on the hygienic suitability of drinking water: 42/1998-4, 44/1999-19, 28/2019-114]. Правилник о хигијенској исправности воде за пиће: 42/1998-4, 44/1999-19, 28/2019-114",https://tinyurl.com/24dhns35,,,,,False,https://www.pravno-informacioni-sistem.rs/SlGlasnikPortal/eli/rep/slsrj/ministarstva/pravilnik/1998/42/2/reg; https://tinyurl.com/24dhns35
DOI0785,REF0638,[Drinking water quality standards currently (2010) in force in Haiti.] Normes de qualité de l’eau de boisson actuellement (2010) en vigueur en Haiti,https://tinyurl.com/yc7w8w9e,,,,,False,https://www.pseau.org/outils/ouvrages/dinepa_normes_qualite_de_leau_haiti_fr.pdf; https://tinyurl.com/yc7w8w9e
DOI0786,REF0639,"[Joint order n° 0019/MAHRH/MS of 05 April 2005.] ""Arrêté conjoint n° 0019/MAHRH/MS du 05 avril 2005.""",https://tinyurl.com/3amr3r2u,,,,,False,https://www.pseau.org/sites/default/files/arrete_qlte_eau_bf.pdf; https://tinyurl.com/3amr3r2u
DOI0787,REF0641,[REGULATION drinking water 2001] Reglugerd um neysluvatn 2001,https://tinyurl.com/5xfw4p4s | http://www.stjornartidindi.is/DocumentActions.aspx?ActionType=Open&documentID=CAE835C0-0BBD-4AA8-92E3-236A9A6BD08A,,,,,False,https://www.reglugerd.is/media/vidhengi/nr%20536%202001.doc; https://tinyurl.com/5xfw4p4s; http://www.stjornartidindi.is/DocumentActions.aspx?ActionType=Open&documentID=CAE835C0-0BBD-4AA8-92E3-236A9A6BD08A
DOI0788,REF0642,"[Entire legal regulation for drinking water ordinance, version of 29.10.2022] ""Gesamte Rechtsvorschrift für Trinkwasserverordnung, Fassung vom 29.10.2022""",https://tinyurl.com/2p84c2n5 | https://www.ris.bka.gv.at/Dokumente/BgblPdf/2001_304_2/2001_304_2.pdf,,,,,False,https://www.ris.bka.gv.at/GeltendeFassung.wxe?Abfrage=Bundesnormen&Gesetzesnummer=20001483; https://tinyurl.com/2p84c2n5; https://www.ris.bka.gv.at/Dokumente/BgblPdf/2001_304_2/2001_304_2.pdf
DOI0789,REF0643,Normas Sanitaias de Calidad del Agua potable 1998,https://tinyurl.com/ydtkry5k,,,,,False,https://www.safeintl.com/descargas/NORMAS-SANITARIAS-DE-CALIDAD-DEL-AGUA-POTABLE.pdf; https://tinyurl.com/ydtkry5k
DOI0790,REF0646,"Modificacion a la Norma Oficial Mexicana NOM-127-SSA1-1994, Salud ambiental: Agua para uso y consumo humano. Límites permisibles de calidad y tratamientos a que debe someterse el agua para su potabilización 2000",https://tinyurl.com/yc5vhtp6 | http://www.bvsde.paho.org/legislacion/mexico/nom-127-ssai.pdf,,,,,False,https://www.ucol.mx/content/cms/13/file/NOM/Nom-127-ssa1-1994.pdf; https://tinyurl.com/yc5vhtp6; http://www.bvsde.paho.org/legislacion/mexico/nom-127-ssai.pdf
DOI0791,REF0647,"Technical Regulation. Water-Drinking water- Standard specification no. 286/2015. JS 286:20185, Sixth Edition.",https://tinyurl.com/tucrxt2j,,,,,False,https://www.unhcr.org/jo/wp-content/uploads/sites/60/2019/08/Annex-A-1-Technical-Regulation-of-Jordan-Standards-and-Metrology-Organization.pdf; https://tinyurl.com/tucrxt2j
DOI0792,REF0648,Minister’s Decision on Water Quality Standard Management for Drinking Water and Domestic Use. No. 561/MOH (2014),https://www.wepa-db.net/policies/law/laos/standards.htm#01,,,,,False,https://www.wepa-db.net/policies/law/laos/standards.htm#01
DOI0793,REF0649,Potable Water - Specification. Rwanda Standard RS435:2009 Rev 1:2011,https://www.who.int/publications/i/item/9789240023642,,,,,False,https://www.who.int/publications/i/item/9789240023642
DOI0794,REF0650,Guidelines for Drinking-water Quality. World Health Organization 2011,https://tinyurl.com/4av462b7 | https://www.who.int/publications/i/item/9789240045064,,,,,False,https://www.who.int/publications/i/item/9789240045064; https://tinyurl.com/4av462b7
DOI0795,REF0651,National Standards for Drinking Water Quality,https://tinyurl.com/yc2y8452 | http://environment.gov.pk/NEQS/SRO-2010-NEQS%20Air-Water-Noise.pdf,,,,,False,https://www.yumpu.com/en/document/view/50464722/national-standards-for-drinking-water-quality-pakistan-; https://tinyurl.com/yc2y8452; http://environment.gov.pk/NEQS/SRO-2010-NEQS%20Air-Water-Noise.pdf
DOI0796,REF0652,Water Research 2023 - THM global assessment,,,,,,False,
