row_id,record_id,title,original_doi,resolved_doi,doi_source,download_target,download_status,download_attempted,download_dir,pdf_count,primary_pdf,primary_pdf_pages,one_page_pdf,all_pdfs,url_candidates,notes
DOI0398,REF0410,Trihalomethanes in drinking water and bladder cancer burden in the European Union,10.1289/EHP4495,10.1289/EHP4495,original,https://doi.org/10.1289/EHP4495,not_downloaded,yes,/mnt/d/paper_data/pdf/Water/harvester_downloads/10.1289_EHP4495,0,,,,,https://doi.org/10.1289/EHP4495,Downloader produced no success/failure entry for this DOI.
DOI0399,REF0411,Monitoring of chlorination disinfection by-products and their associated health risks in drinking water of Pakistan,10.2166/wh.2014.096,10.2166/wh.2014.096,original,https://doi.org/10.2166/wh.2014.096,not_downloaded,yes,/mnt/d/paper_data/pdf/Water/harvester_downloads/10.2166_wh.2014.096,0,,,,,,Downloader produced no success/failure entry for this DOI.
DOI0400,REF0412,"Mutagenicity and genotoxicity of drinking water in Guelma region, Algeria",,,,,no_resolved_doi,no,,0,,,,,,No DOI available for auto-paper-harvester API download.
DOI0401,REF0413,"Estimation of the total trihalomethanes concentration in drinking water in some area of Baghdad, Iraq",,,,,no_resolved_doi,no,,0,,,,,,No DOI available for auto-paper-harvester API download.
DOI0402,REF0414,bottled water in the industrial city of Yanbu (Saudi Arabia),,,,,no_resolved_doi,no,,0,,,,,,No DOI available for auto-paper-harvester API download.
DOI0403,REF0415,THMs assessment in Khuzestan rural water treatment plants,,,,,no_resolved_doi,no,,0,,,,,,No DOI available for auto-paper-harvester API download.
DOI0404,REF0416,Seasonal variation and modeling of disinfection by-products (DBPs) in drinking water distribution systems of Wassit Province Southeast Iraq,,,,,no_resolved_doi,no,,0,,,,,,No DOI available for auto-paper-harvester API download.
DOI0405,REF0417,Survey of Disinfection by-products in drinking water in Greater Kandy Water supply scheme,,,,,no_resolved_doi,no,,0,,,,,,No DOI available for auto-paper-harvester API download.
DOI0406,REF0418,Cancer Risks from Disinfection Byproducts of Drinking Water: The Neglected Issue in the Global South,,,,,no_resolved_doi,no,,0,,,,,,No DOI available for auto-paper-harvester API download.
DOI0407,REF0419,Levels of Trihalomethanes in Stored Water from High and Fundamental Schools: Comparison between Two Temporal Data Sets,10.4236/jwarp.2018.106032,10.4236/jwarp.2018.106032,original,https://doi.org/10.4236/jwarp.2018.106032,not_downloaded,yes,/mnt/d/paper_data/pdf/Water/harvester_downloads/10.4236_jwarp.2018.106032,0,,,,,,Downloader produced no success/failure entry for this DOI.
DOI0408,REF0420,Assessment of trihalomethanes in drinking water using gas chromatography,10.1201/9781351124140-92,10.1201/9781351124140-92,original,https://doi.org/10.1201/9781351124140-92,not_downloaded,yes,/mnt/d/paper_data/pdf/Water/harvester_downloads/10.1201_9781351124140-92,0,,,,,,Downloader produced no success/failure entry for this DOI.
DOI0409,REF0421,The Investigation of Total Trihalomethanes Concentration in Drinking Water in Al-Dora and Al-Rasheed plants in Baghdad,,,,,no_resolved_doi,no,,0,,,,,,No DOI available for auto-paper-harvester API download.
DOI0410,REF0422,Determination of trihalomethanes concentration in Ahvaz water distribution network in 2011,,,,,no_resolved_doi,no,,0,,,,,,No DOI available for auto-paper-harvester API download.
DOI0411,REF0423,Trihalomethanes formation in Iranian water supply systems: predicting and modeling,,,,,no_resolved_doi,no,,0,,,,,,No DOI available for auto-paper-harvester API download.
DOI0412,REF0424,"Evaluation of quality of drinking water from Baghdad, Iraq",,,,,no_resolved_doi,no,,0,,,,,,No DOI available for auto-paper-harvester API download.
DOI0413,REF0425,Multi-route risk assessment from trihalomethanes in drinking water supplies,10.1007/s10661-010-1677-z,10.1007/s10661-010-1677-z,original,https://doi.org/10.1007/s10661-010-1677-z,not_downloaded,yes,/mnt/d/paper_data/pdf/Water/harvester_downloads/10.1007_s10661-010-1677-z,0,,,,,,Downloader produced no success/failure entry for this DOI.
DOI0414,REF0426,Trihalometanes in San Juan city (Argentina) drinking water,,,,,no_resolved_doi,no,,0,,,,,,No DOI available for auto-paper-harvester API download.
DOI0415,REF0427,Seasonal variation in drinking water concentrations of disinfection by-products in IZMIR and associated human health risks,,,,,no_resolved_doi,no,,0,,,,,,No DOI available for auto-paper-harvester API download.
DOI0416,REF0428,Evaluation de la qualité des eaux de réservoirs de la wilaya de Blida et détermination des Trihalométhanes par méthode CPG couplée au Headspace,,,,,no_resolved_doi,no,,0,,,,,,No DOI available for auto-paper-harvester API download.
DOI0417,REF0429,L’hyperchloration de l’eau de robinet et cancer de la vessie dans la région de Mostaganem (Ouest algérien)Hyperchlorination of drinking tap water and bladder cancer in the region of Mostaganem (West Algeria),10.1007/s12558-010-0092-2,10.1007/s12558-010-0092-2,original,https://doi.org/10.1007/s12558-010-0092-2,not_downloaded,yes,/mnt/d/paper_data/pdf/Water/harvester_downloads/10.1007_s12558-010-0092-2,0,,,,,,Downloader produced no success/failure entry for this DOI.
DOI0418,REF0430,Disinfection Byproducts in Drinking Water and Evaluation of Potential Health Risks of Long-Term Exposure in Nigeria,10.1155/2017/7535797,10.1155/2017/7535797,original,https://doi.org/10.1155/2017/7535797,not_downloaded,yes,/mnt/d/paper_data/pdf/Water/harvester_downloads/10.1155_2017_7535797,0,,,,,,Downloader produced no success/failure entry for this DOI.
DOI0419,REF0431,"Perfluorinated compounds and trihalomethanes in drinking water sources of the Western Cape, South Africa",,,,,no_resolved_doi,no,,0,,,,,,No DOI available for auto-paper-harvester API download.
DOI0420,REF0432,Formation of trihalomethanes during the disinfection process in the potabilisation of water,,,,,no_resolved_doi,no,,0,,,,,,No DOI available for auto-paper-harvester API download.
DOI0421,REF0433,Determination of Trihalomethanes in Drinking Water from Three Different Water Sources in Florianopolis–Brazil using Purge and Trap and Gas Chromatography,10.1590/s0103-50532007000400012,10.1590/s0103-50532007000400012,original,https://doi.org/10.1590/s0103-50532007000400012,not_downloaded,yes,/mnt/d/paper_data/pdf/Water/harvester_downloads/10.1590_s0103-50532007000400012,0,,,,,,Downloader produced no success/failure entry for this DOI.
DOI0422,REF0434,Desalinated and blended water in Saudi Arabia: human exposure and risk analysis from disinfection byproducts,10.1051/matecconf/201712005002,10.1051/matecconf/201712005002,original,https://doi.org/10.1051/matecconf/201712005002,not_downloaded,yes,/mnt/d/paper_data/pdf/Water/harvester_downloads/10.1051_matecconf_201712005002,0,,,,,,Downloader produced no success/failure entry for this DOI.
DOI0423,REF0435,Trihalomethanes Issues Drinking Water After Chlorination Treatment,,,,,no_resolved_doi,no,,0,,,,,,No DOI available for auto-paper-harvester API download.
DOI0424,REF0436,Hollow-fiber solvent bar microextraction with gas chromatography and electron capture detection determination of disinfection byproducts in water samples,10.1002/jssc.201500324,10.1002/jssc.201500324,original,https://doi.org/10.1002/jssc.201500324,not_downloaded,yes,/mnt/d/paper_data/pdf/Water/harvester_downloads/10.1002_jssc.201500324,0,,,,,,Downloader produced no success/failure entry for this DOI.
DOI0425,REF0437,Julio de Mesquita Filho,,,,,no_resolved_doi,no,,0,,,,,,No DOI available for auto-paper-harvester API download.
DOI0426,REF0438,Avaliação da formação de trihalometanos em um sistema de abastecimento de água para consumo humano,,,,,no_resolved_doi,no,,0,,,,,,No DOI available for auto-paper-harvester API download.
DOI0427,REF0439,Occurrence and Assessment of Selected Chemical Contaminants in Drinking Water from Eastern Romania,10.47743/achi-2021-2-0012,10.47743/achi-2021-2-0012,original,https://doi.org/10.47743/achi-2021-2-0012,not_downloaded,yes,/mnt/d/paper_data/pdf/Water/harvester_downloads/10.47743_achi-2021-2-0012,0,,,,,,Downloader produced no success/failure entry for this DOI.
DOI0428,REF0440,"Trihalomethane formation by chlorination of ammonium- and bromide-containing groundwater in water supplies of Hanoi, Vietnam",,,,,no_resolved_doi,no,,0,,,,,,No DOI available for auto-paper-harvester API download.
DOI0429,REF0441,Variation of Trihalomethanes Concentration In Tetova’s Drinking Water in the Autumn Season,,,,,no_resolved_doi,no,,0,,,,,,No DOI available for auto-paper-harvester API download.
DOI0430,REF0442,Seasonal Variation of Trihalomethanes Concentration in Tetova’s Drinking Water (Part B),,,,,no_resolved_doi,no,,0,,,,,,No DOI available for auto-paper-harvester API download.
DOI0431,REF0443,Exposures to drinking water chlorination by-products in a Russian city,10.1078/1438-4639-00244,10.1078/1438-4639-00244,original,https://doi.org/10.1078/1438-4639-00244,not_downloaded,yes,/mnt/d/paper_data/pdf/Water/harvester_downloads/10.1078_1438-4639-00244,0,,,,,,Downloader produced no success/failure entry for this DOI.
DOI0432,REF0448,"Investigation of Trihalomethane Compounds in Drinking Water of Baghdad, Iraq",,,,,no_resolved_doi,no,,0,,,,,,No DOI available for auto-paper-harvester API download.
DOI0433,REF0449,Carcinogenic Risk Assessment of Trihalomethanes in Major Drinking Water Sources of Baghdad City,,,,,no_resolved_doi,no,,0,,,,,,No DOI available for auto-paper-harvester API download.
DOI0434,REF0450,Evaluation of trihalomethanes (THMs) concentration in drinking water of Zanjan in 2013,,,,,no_resolved_doi,no,,0,,,,,,No DOI available for auto-paper-harvester API download.
DOI0435,REF0451,By-products Formation During Drinking Water Disinfection In The Distribution System: Kinetics,,,,,no_resolved_doi,no,,0,,,,,,No DOI available for auto-paper-harvester API download.
DOI0436,REF0452,Una aproximación a la evaluación de subproductos de la desinfección en aguas para consumo humano en municipalidades de Colombia,,,,,no_resolved_doi,no,,0,,,,,,No DOI available for auto-paper-harvester API download.
DOI0437,REF0453,Determination of Trihalomethanes in raw and treated water supply to a local city in Zimbabwe,,,,,no_resolved_doi,no,,0,,,,,,No DOI available for auto-paper-harvester API download.
DOI0438,REF0454,Trihalomethanes and arsenic in drinking water in Chinú and Corozal municipalities in Colombia: health risk assessment,,,,,no_resolved_doi,no,,0,,,,,,No DOI available for auto-paper-harvester API download.
DOI0439,REF0455,Investigation of Trihalomethanes Contamination in Surface Water Treatment Plants and Water Supply Network in An Giang-Mekong Delta Province of Viet Nam,,,,,no_resolved_doi,no,,0,,,,,,No DOI available for auto-paper-harvester API download.
DOI0440,REF0456,"Occurrence of nitrogenous and carbonaceous disinfection byproducts in drinking water distributed in Shenzhen, China",,,,,no_resolved_doi,no,,0,,,,,,No DOI available for auto-paper-harvester API download.
DOI0441,REF0457,Study for the trihalomethanes (THMs) in drinking water of networks in Weihai,,,,,no_resolved_doi,no,,0,,,,,,No DOI available for auto-paper-harvester API download.
DOI0442,REF0458,Chemical water quality in Thailand and its impacts on the drinking water production in Thailand,,,,,no_resolved_doi,no,,0,,,,,,No DOI available for auto-paper-harvester API download.
DOI0443,REF0459,Variability of TOC and DBPs (THMs and HAA5) in drinking water sources and distribution system in drought season: the North Iran case study,,,,,no_resolved_doi,no,,0,,,,,,No DOI available for auto-paper-harvester API download.
DOI0444,REF0460,Characteristics of natural organic matter and formation of chlorination by-products at Masaka waterworks,10.2166/aqua.2011.076,10.2166/aqua.2011.076,original,https://doi.org/10.2166/aqua.2011.076,not_downloaded,yes,/mnt/d/paper_data/pdf/Water/harvester_downloads/10.2166_aqua.2011.076,0,,,,,,Downloader produced no success/failure entry for this DOI.
DOI0445,REF0461,"Risk Assessment of Municipal Tap Water Supply for Trihalomethanes, the Chlorination Byproducts: Comparison of Different Boiling Methods",,,,,no_resolved_doi,no,,0,,,,,,No DOI available for auto-paper-harvester API download.
DOI0446,REF0462,Speciation and kinetics of trihalomethanes formation in drinking water supplies,,,,,no_resolved_doi,no,,0,,,,,,No DOI available for auto-paper-harvester API download.
DOI0447,REF0463,Age dependent adjustment factor (ADAF) for the estimation of cancer risk through trihalomethanes (THMs) for different age groups- A innovative approach,10.1016/j.ecoenv.2017.11.067,10.1016/j.ecoenv.2017.11.067,original,https://doi.org/10.1016/j.ecoenv.2017.11.067,not_downloaded,yes,/mnt/d/paper_data/pdf/Water/harvester_downloads/10.1016_j.ecoenv.2017.11.067,0,,,,,,Downloader produced no success/failure entry for this DOI.
DOI0448,REF0464,Modeling of trihalomethanes (THMs) in drinking water supplies: a case study of eastern part of India,10.1007/s11356-015-4553-0,10.1007/s11356-015-4553-0,original,https://doi.org/10.1007/s11356-015-4553-0,not_downloaded,yes,/mnt/d/paper_data/pdf/Water/harvester_downloads/10.1007_s11356-015-4553-0,0,,,,,,Downloader produced no success/failure entry for this DOI.
DOI0449,REF0465,Trihalomethane Formation in Rural Household Water Filtration Systems in Haiti,10.2175/193864701784293215,10.2175/193864701784293215,original,https://doi.org/10.2175/193864701784293215,not_downloaded,yes,/mnt/d/paper_data/pdf/Water/harvester_downloads/10.2175_193864701784293215,0,,,,,,Downloader produced no success/failure entry for this DOI.
DOI0450,REF0466,Disinfection by-product formation and mitigation strategies in point-of-use chlorination of turbid and non-turbid waters in Western Kenya,,,,,no_resolved_doi,no,,0,,,,,,No DOI available for auto-paper-harvester API download.
DOI0451,REF0467,Disinfection by-product formation and mitigation strategies in point-of-use chlorination with sodium dichloroisocyanurate in Tanzania,,,,,no_resolved_doi,no,,0,,,,,,No DOI available for auto-paper-harvester API download.
DOI0452,REF0468,Surveillance of chlorinated disinfection by-products in township waterworks in Xiamen,,,,,no_resolved_doi,no,,0,,,,,,No DOI available for auto-paper-harvester API download.
DOI0453,REF0469,Study on chlorinated disinfection byproducts and the relevant health risk in tap water of J City,,,,,no_resolved_doi,no,,0,,,,,,No DOI available for auto-paper-harvester API download.
DOI0454,REF0470,Variation of Disinfection by-probucts of urban water supply in Jinan Ctiy,,,,,no_resolved_doi,no,,0,,,,,,No DOI available for auto-paper-harvester API download.
DOI0455,REF0471,Research of VOCs in drinking water of Guangzhou,,,,,no_resolved_doi,no,,0,,,,,,No DOI available for auto-paper-harvester API download.
DOI0456,REF0472,Lucio Baldó Soulés,,,,,no_resolved_doi,no,,0,,,,,,No DOI available for auto-paper-harvester API download.
DOI0457,REF0473,Longitudinal Study of Microbial Diversity and Seasonality in the Mexico City Metropolitan Area Water Supply System,10.1128/aem.71.9.5129-5137.2005,10.1128/aem.71.9.5129-5137.2005,original,https://doi.org/10.1128/aem.71.9.5129-5137.2005,not_downloaded,yes,/mnt/d/paper_data/pdf/Water/harvester_downloads/10.1128_aem.71.9.5129-5137.2005,0,,,,,,Downloader produced no success/failure entry for this DOI.
DOI0458,REF0474,Human health risk analysis from disinfection by-products (DBPs) in drinking and bathing water of some Indian cities,10.1186/2052-336x-12-73,10.1186/2052-336x-12-73,original,https://doi.org/10.1186/2052-336x-12-73,not_downloaded,yes,/mnt/d/paper_data/pdf/Water/harvester_downloads/10.1186_2052-336x-12-73,0,,,,,,Downloader produced no success/failure entry for this DOI.
DOI0459,REF0475,Comparing THMs level in old and new water distribution systems; seasonal variation and probabilistic risk assessment,10.1016/j.ecoenv.2020.110286,10.1016/j.ecoenv.2020.110286,original,https://doi.org/10.1016/j.ecoenv.2020.110286,not_downloaded,yes,/mnt/d/paper_data/pdf/Water/harvester_downloads/10.1016_j.ecoenv.2020.110286,0,,,,,,Downloader produced no success/failure entry for this DOI.
DOI0460,REF0476,"Monitoring of THMs Concentration in Isfahan Water Distribution System and Zoning by GIS, a Case Study in the Center of Iran",,,,,no_resolved_doi,no,,0,,,,,,No DOI available for auto-paper-harvester API download.
DOI0461,REF0477,Chemical and ecotoxicological assessments of water samples before and after being processed by a Water Treatment Plant,,,,,no_resolved_doi,no,,0,,,,,,No DOI available for auto-paper-harvester API download.
DOI0462,REF0479,Evaluating trihalomethanes in tap water and swimming pool water at Ho Chi Minh city,,,,,no_resolved_doi,no,,0,,,,,,No DOI available for auto-paper-harvester API download.
DOI0463,REF0480,"Investigating disinfectant by-products in Harare potable water supply, Zimbabwe",10.2166/washdev.2018.104,10.2166/washdev.2018.104,original,https://doi.org/10.2166/washdev.2018.104,not_downloaded,yes,/mnt/d/paper_data/pdf/Water/harvester_downloads/10.2166_washdev.2018.104,0,,,,,,Downloader produced no success/failure entry for this DOI.
DOI0464,REF0481,"Study on Formation of Trihalomethanes (THMs) in Potable Treated Water of Gwalior City, Madhya Pradesh, India",,,,,no_resolved_doi,no,,0,,,,,,No DOI available for auto-paper-harvester API download.
DOI0465,REF0482,Disinfection by-products and extractable organic compounds in South African tap water,,,,,no_resolved_doi,no,,0,,,,,,No DOI available for auto-paper-harvester API download.
DOI0466,REF0483,"Open data from the website of 35 water utility companies: Icon Water, Power and Water Corporation, Hunter Water, MidCoast Water, Sydney Water, Gladstone Area Water Board, SeqWater, South Australia Water Corporation, TasWater, Barwon Water, Central Highlands Water, City West Water, Coliban Water, East Gippsland Water, Falls Creek Alpine Resort Management Board, Gippsland Water, Goulburn Murray Water, Goulburn Valley Water, Grampians Wimmera Mallee Water, Lake Mountain Alpine Resort Management Board, Lower Murray Water, Mount Baw Baw Alpine Resort Management Board, Mount Buller and Mount Stirling Alpine Resort Management Board, Mount Hotham Alpine Resort Management Board, North East Water, Parks Victoria, South East Water, South Gippsland Water, Southern Rural Water, Wannon Water, Western Water, Westernport Water, Yarra Valley Water, Busselton Water, Water Corporation",,,,,no_resolved_doi,no,,0,,,,,,No DOI available for auto-paper-harvester API download.
DOI0467,REF0484,Open data from the website of the Syndicat des Eaux du Sud Koerich and of the 16 municipalities,,,,,no_resolved_doi,no,,0,,,,,,No DOI available for auto-paper-harvester API download.
DOI0468,REF0485,"A Survey of Disinfection By-Products in Tap Water from Selected Areas in Nairobi County and Thika Sub-County, Kenya",,,,,no_resolved_doi,no,,0,,,,,,No DOI available for auto-paper-harvester API download.
DOI0469,REF0486,Singapore Drinking Water Quality,,,,,no_resolved_doi,no,,0,,,,,,No DOI available for auto-paper-harvester API download.
DOI0470,REF0487,Exposure assessment and the risk associated with trihalomethanes compounds in drinking water,,,,,no_resolved_doi,no,,0,,,,,,No DOI available for auto-paper-harvester API download.
DOI0471,REF0488,Cancer risk assessment from exposure to trihalomethanes in tap water and swimming pool water,10.1016/s1001-0742(08)60058-3,10.1016/s1001-0742(08)60058-3,original,https://doi.org/10.1016/s1001-0742(08)60058-3,not_downloaded,yes,/mnt/d/paper_data/pdf/Water/harvester_downloads/10.1016_s1001-0742_08_60058-3,0,,,,,,Downloader produced no success/failure entry for this DOI.
DOI0472,REF0489,Comparative cancer risk assessment of THMs in drinking water from well water sources and surface water sources,,,,,no_resolved_doi,no,,0,,,,,,No DOI available for auto-paper-harvester API download.
DOI0473,REF0490,Cancer Risk Assessment from Trihalomethanes in Community Water Supply at Northeastern Thailand,10.7763/ijesd.2013.v4.410,10.7763/ijesd.2013.v4.410,original,https://doi.org/10.7763/ijesd.2013.v4.410,not_downloaded,yes,/mnt/d/paper_data/pdf/Water/harvester_downloads/10.7763_ijesd.2013.v4.410,0,,,,,,Downloader produced no success/failure entry for this DOI.
DOI0474,REF0491,"Premazzi G, Cardoso C, Conio O, et al",,,,,no_resolved_doi,no,,0,,,,,,No DOI available for auto-paper-harvester API download.
DOI0475,REF0494,Study of organic secondary pollution status and control measures of the municipal water supply in Qingdao,,,,,no_resolved_doi,no,,0,,,,,,No DOI available for auto-paper-harvester API download.
DOI0476,REF0495,Trihalomethanes Formation Potential in Water Supply System of Bandar Abbas (Southern Iran): from Source to Distribution Network,,,,,no_resolved_doi,no,,0,,,,,,No DOI available for auto-paper-harvester API download.
DOI0477,REF0496,"Rosero M, Latorre J, Torres W, Delgado L",,,,,no_resolved_doi,no,,0,,,,,,No DOI available for auto-paper-harvester API download.
DOI0478,REF0497,Solventless Microextraction Techniques for Determination of Trihalomethanes by Gas Chromatography in Drinking Water,10.1007/s11270-011-0891-9,10.1007/s11270-011-0891-9,original,https://doi.org/10.1007/s11270-011-0891-9,not_downloaded,yes,/mnt/d/paper_data/pdf/Water/harvester_downloads/10.1007_s11270-011-0891-9,0,,,,,,Downloader produced no success/failure entry for this DOI.
DOI0479,REF0498,"Investigación de trihalometanos en agua potable del Estado Carabobo, Venezuela",,,,,no_resolved_doi,no,,0,,,,,,No DOI available for auto-paper-harvester API download.
DOI0480,REF0499,Spatial and seasonal evolution of trihalomethanes in water distribution systems in Lebanon,10.2166/aqua.2007.029,10.2166/aqua.2007.029,original,https://doi.org/10.2166/aqua.2007.029,not_downloaded,yes,/mnt/d/paper_data/pdf/Water/harvester_downloads/10.2166_aqua.2007.029,0,,,,,,Downloader produced no success/failure entry for this DOI.
DOI0481,REF0500,Monitoramento das concentrações de trihalometanos na água para consumo humano,,,,,no_resolved_doi,no,,0,,,,,,No DOI available for auto-paper-harvester API download.
DOI0482,REF0501,Evaluation of Levels of Regulated Trihalomethanes (THMS) in a Community Drinking Water Supply in Nigeria,10.4314/ejesm.v6i4.9,10.4314/ejesm.v6i4.9,original,https://doi.org/10.4314/ejesm.v6i4.9,not_downloaded,yes,/mnt/d/paper_data/pdf/Water/harvester_downloads/10.4314_ejesm.v6i4.9,0,,,,,,Downloader produced no success/failure entry for this DOI.
DOI0483,REF0502,Determination of Levels of Regulated and Emerging Trihalomethanes (THMs) Disinfection By-Products (DBPs) in a Community Drinking Water Supply,10.2166/ws.2015.036,10.2166/ws.2015.036,original,https://doi.org/10.2166/ws.2015.036,not_downloaded,yes,/mnt/d/paper_data/pdf/Water/harvester_downloads/10.2166_ws.2015.036,0,,,,,,Downloader produced no success/failure entry for this DOI.
DOI0484,REF0503,"Chlorinated drinking water, cancers and adverse health outcomes in Gangtok, Sikkim, India",,,,,no_resolved_doi,no,,0,,,,,,No DOI available for auto-paper-harvester API download.
DOI0485,REF0504,Multipathways human health risk assessment of trihalomethane exposure through drinking water,,,,,no_resolved_doi,no,,0,,,,,,No DOI available for auto-paper-harvester API download.
DOI0486,REF0505,Speciation and geospatial analysis of disinfection byproducts in urban drinking water,10.1007/s13762-013-0277-1,10.1007/s13762-013-0277-1,original,https://doi.org/10.1007/s13762-013-0277-1,not_downloaded,yes,/mnt/d/paper_data/pdf/Water/harvester_downloads/10.1007_s13762-013-0277-1,0,,,,,,Downloader produced no success/failure entry for this DOI.
DOI0487,REF0506,Determination of volatile organic compounds pollution sources in malaysian drinking water using multivariate analysis,,,,,no_resolved_doi,no,,0,,,,,,No DOI available for auto-paper-harvester API download.
DOI0488,REF0507,An analysis of trihalomethane levels in the distribution networks of three Romanian cities,,,,,no_resolved_doi,no,,0,,,,,,No DOI available for auto-paper-harvester API download.
DOI0489,REF0508,Reduction of trihalomethane formation and detoxification of microcystins in tap water by ozonation,,,,,no_resolved_doi,no,,0,,,,,,No DOI available for auto-paper-harvester API download.
DOI0490,REF0509,Comparison of two validated gas-chromatographic methods for the determination of trihalomethanes in drinking water,,,,,no_resolved_doi,no,,0,,,,,,No DOI available for auto-paper-harvester API download.
DOI0491,REF0510,Assessment on the trihalomethanes formation potential of Tan Hiep Water Treatment Plant,10.5194/egusphere-egu24-10984,10.5194/egusphere-egu24-10984,original,https://doi.org/10.5194/egusphere-egu24-10984,not_downloaded,yes,/mnt/d/paper_data/pdf/Water/harvester_downloads/10.5194_egusphere-egu24-10984,0,,,,,,Downloader produced no success/failure entry for this DOI.
DOI0492,REF0511,SỬ DỤNG KỸ THUẬT KHÔNG GIAN HƠI KẾT HỢP GC-ECD (HS/GC/ECD) ĐỂ XÁC ĐNNH TRIHALOMETHANES TRONG NƯỚC MÁY TẠI THỪA THIÊN HUẾ [USING GC-ECD COMBINED SPACE TECHNIQUE (HS/GC/ECD) FOR CONFIRMING TRIHALOMETHANES IN TAKING WATER AT THUA THIEN HUE],,,,,no_resolved_doi,no,,0,,,,,,No DOI available for auto-paper-harvester API download.
DOI0493,REF0512,"Determinación de trihalometanos en aguas de consumo humano por microextracción en fase sólida- cromatografía de gases en Pereira, Colombia",10.15446/rev.colomb.quim.v44n1.54041,10.15446/rev.colomb.quim.v44n1.54041,original,https://doi.org/10.15446/rev.colomb.quim.v44n1.54041,not_downloaded,yes,/mnt/d/paper_data/pdf/Water/harvester_downloads/10.15446_rev.colomb.quim.v44n1.54041,0,,,,,,Downloader produced no success/failure entry for this DOI.
DOI0494,REF0513,"Risk assessment of trihalomethanes from tap water in Fortaleza, Brazil",,,,,no_resolved_doi,no,,0,,,,,,No DOI available for auto-paper-harvester API download.
DOI0495,REF0515,"Variation and relationship of THMs between tap water and finished water in Yancheng City, China",,,,,no_resolved_doi,no,,0,,,,,,No DOI available for auto-paper-harvester API download.
DOI0496,REF0516,"Removal of surrogates for natural organic matter andthe probability of finding trihalomethanes in the producedwater supply from small waterworks in Chiang Mai,Thailand",,,,,no_resolved_doi,no,,0,,,,,,No DOI available for auto-paper-harvester API download.
DOI0497,REF0517,"Spatial and temporal evaluations of disinfection by-products in drinking water distribution systems in Beijing, China",10.1016/j.scitotenv.2010.06.053,10.1016/j.scitotenv.2010.06.053,original,https://doi.org/10.1016/j.scitotenv.2010.06.053,not_downloaded,yes,/mnt/d/paper_data/pdf/Water/harvester_downloads/10.1016_j.scitotenv.2010.06.053,0,,,,,,Downloader produced no success/failure entry for this DOI.
DOI0498,REF0518,Occurrence of Disinfection By-products in Drinking Water Served by a Large Water Plant in Wuhan,,,,,no_resolved_doi,no,,0,,,,,,No DOI available for auto-paper-harvester API download.
DOI0499,REF0519,Formation and modeling of disinfection by-products in drinking water of six cities in China,10.1039/c0em00795a,10.1039/c0em00795a,original,https://doi.org/10.1039/c0em00795a,not_downloaded,yes,/mnt/d/paper_data/pdf/Water/harvester_downloads/10.1039_c0em00795a,0,,,,,,Downloader produced no success/failure entry for this DOI.
DOI0500,REF0521,Speciation and distribution of trihalomethanes in the drinking water of Hong Kong,,,,,no_resolved_doi,no,,0,,,,,,No DOI available for auto-paper-harvester API download.
DOI0501,REF0522,"Studies on Contamination Levels of Chlorinated Trihalomethanes (Thms) Disinfection By-Products (Dbps) In A Community Drinking Water Supply In Hossana Town, Ethiopia",10.1007/s13201-018-0771-1,10.1007/s13201-018-0771-1,original,https://doi.org/10.1007/s13201-018-0771-1,not_downloaded,yes,/mnt/d/paper_data/pdf/Water/harvester_downloads/10.1007_s13201-018-0771-1,0,,,,,,Downloader produced no success/failure entry for this DOI.
DOI0502,REF0523,Estimating and comparing the cancer risks from THMs and low-level arsenic in drinking water based on disability-adjusted life years,10.1016/j.watres.2018.08.012,10.1016/j.watres.2018.08.012,original,https://doi.org/10.1016/j.watres.2018.08.012,not_downloaded,yes,/mnt/d/paper_data/pdf/Water/harvester_downloads/10.1016_j.watres.2018.08.012,0,,,,,,Downloader produced no success/failure entry for this DOI.
DOI0503,REF0524,"Investigation of the content of trihalomethanes in drinking water in Nanjing, 2009-2013",,,,,no_resolved_doi,no,,0,,,,,,No DOI available for auto-paper-harvester API download.
DOI0504,REF0525,"Determination of Trihalomethanes in Drinking Water from Beijing, People?s Republic of China",10.1007/s00128-004-0401-5,10.1007/s00128-004-0401-5,original,https://doi.org/10.1007/s00128-004-0401-5,not_downloaded,yes,/mnt/d/paper_data/pdf/Water/harvester_downloads/10.1007_s00128-004-0401-5,0,,,,,,Downloader produced no success/failure entry for this DOI.
DOI0505,REF0526,The concentrations of trihalomethanes in tap water in Wuxi City and their cancerigenic risks to adults,,,,,no_resolved_doi,no,,0,,,,,,No DOI available for auto-paper-harvester API download.
DOI0506,REF0557,Available from: http://slideplayer.com/slide/4246604/,,,,,no_resolved_doi,no,,0,,,,,http://slideplayer.com/slide/4246604/,No DOI available for auto-paper-harvester API download.
DOI0507,REF0564,The official website of eThekwini municipality,,,,,no_resolved_doi,no,,0,,,,,http://www.durban.gov.za/City_Services/water_sanitation/Water_Quality/Pages/Potable_Water_Status.aspx,No DOI available for auto-paper-harvester API download.
DOI0508,REF0570,/2017 annual report [Internet],,,,,no_resolved_doi,no,,0,,,,,http://www.magalieswater.co.za/wp-content/uploads/2018/02/Annual-Report-1617.pdf,No DOI available for auto-paper-harvester API download.
DOI0509,REF0575,Available from: http://www.ppwsa.com.kh/Administration/downloads/system/water-quality/CocaCola_Water_Analysis_2013.pdf,,,,,no_resolved_doi,no,,0,,,,,http://www.ppwsa.com.kh/Administration/downloads/system/water-quality/CocaCola_Water_Analysis_2013.pdf,No DOI available for auto-paper-harvester API download.
DOI0510,REF0594,Available from: https://f1000research.com/slides/7-652,,,,,no_resolved_doi,no,,0,,,,,https://f1000research.com/slides/7-652,No DOI available for auto-paper-harvester API download.
DOI0511,REF0605,Available from: https://repositorio.unb.br/handle/10482/3636,,,,,no_resolved_doi,no,,0,,,,,https://repositorio.unb.br/handle/10482/3636,No DOI available for auto-paper-harvester API download.
DOI0512,REF0606,Available from: https://resource.capetown.gov.za/documentcentre/Documents/City research reports and review/Analytical Drinking Water Data 1 July 2015 to 30 June 2016.pdf,,,,,no_resolved_doi,no,,0,,,,,https://resource.capetown.gov.za/documentcentre/Documents/City,No DOI available for auto-paper-harvester API download.
DOI0513,REF0608,Available from: https://slidetodoc.com/water-quality-and-health-albanian-case-tania-floqi/,,,,,no_resolved_doi,no,,0,,,,,https://slidetodoc.com/water-quality-and-health-albanian-case-tania-floqi/,No DOI available for auto-paper-harvester API download.
DOI0514,REF0640,online report (https://www.randwater.co.za/),,,,,no_resolved_doi,no,,0,,,,,https://www.randwater.co.za/,No DOI available for auto-paper-harvester API download.
DOI0515,REF0644,Determinação simultânea de trialometanos e agrotóxicos em água por cromatografia gasosa,10.1590/s0100-40422011000200019,10.1590/s0100-40422011000200019,original,https://doi.org/10.1590/s0100-40422011000200019,not_downloaded,yes,/mnt/d/paper_data/pdf/Water/harvester_downloads/10.1590_s0100-40422011000200019,0,,,,,https://www.scielo.br/j/qn/a/DMHRNdtd7bRXhTgPGwzdKjM/,Downloader produced no success/failure entry for this DOI.
DOI0516,REF0645,online annual report (https://www.turkiye.gov.tr/istanbul-su-ve-kanalizasyon-idaresi),,,,,no_resolved_doi,no,,0,,,,,https://www.turkiye.gov.tr/istanbul-su-ve-kanalizasyon-idaresi,No DOI available for auto-paper-harvester API download.
DOI0673,REF0444,Water Research 2023 - THM global assessment,,,,,no_resolved_doi,no,,0,,,,,,No DOI available for auto-paper-harvester API download.
DOI0674,REF0445,Water Research 2023 - THM global assessment,,,,,no_resolved_doi,no,,0,,,,,,No DOI available for auto-paper-harvester API download.
DOI0675,REF0446,Water Research 2023 - THM global assessment,,,,,no_resolved_doi,no,,0,,,,,,No DOI available for auto-paper-harvester API download.
DOI0676,REF0447,Water Research 2023 - THM global assessment,,,,,no_resolved_doi,no,,0,,,,,,No DOI available for auto-paper-harvester API download.
DOI0677,REF0478,NB EAS 12:2000 Drinking (potable) water –specification (Eau potable- specification),,,,,no_resolved_doi,no,,0,,,,,,No DOI available for auto-paper-harvester API download.
DOI0678,REF0492,Present study (acknowledgements),,,,,no_resolved_doi,no,,0,,,,,,No DOI available for auto-paper-harvester API download.
DOI0679,REF0493,Present study (co-author),,,,,no_resolved_doi,no,,0,,,,,,No DOI available for auto-paper-harvester API download.
DOI0680,REF0514,"Fiji National Drinking Water Quality Standards 2011 ((FNDWQS), under Ministry of Health)",,,,,no_resolved_doi,no,,0,,,,,,No DOI available for auto-paper-harvester API download.
DOI0681,REF0520,"Yemen Quality Standards (2000). Yemen Drinking Water Supply. Water Quality Control, Yemen",,,,,no_resolved_doi,no,,0,,,,,,No DOI available for auto-paper-harvester API download.
DOI0682,REF0527,"[NC 207: 2014 Standard for water intended for human consumption] ""NC 207: 2014 Norme pour l’eau destinée à la consommation humaine"" (Agence Nationale des Normes et Qualité, Yaoundé)",10.17184/eac.7047,10.17184/eac.7047,original,https://doi.org/10.17184/eac.7047,not_downloaded,yes,/mnt/d/paper_data/pdf/Water/harvester_downloads/10.17184_eac.7047,0,,,,,,Downloader produced no success/failure entry for this DOI.
DOI0683,REF0528,[REPUBLIC OF HONDURAS MINISTRY OF HEALTH - Technical Standard for Water Quality 1995] REPÚBLICA DE HONDURAS MINISTERIO DE SALUD - Norma Técnica para la calidad del Agua 1995,,,,,no_resolved_doi,no,,0,,,,,http://aguasdesiguatepeque.com/Imagenes/Archivos%20PDF/Norma%20Tecnica%20calidad%20del%20agua%20potable.pdf; https://tinyurl.com/ynb35rrs,No DOI available for auto-paper-harvester API download.
DOI0684,REF0529,Syrian Arab Republic - Drinking Water Quality Standards 1994,,,,,no_resolved_doi,no,,0,,,,,http://applications.emro.who.int/dsaf/dsa1183.pdf,No DOI available for auto-paper-harvester API download.
DOI0685,REF0530,Indian Standard 10500: 2012 DRINKING WATER — SPECIFICATION (Second Revision). Amendment No.1 June 2015,,,,,no_resolved_doi,no,,0,,,,,http://cgwb.gov.in/Documents/WQ-standards.pdf; https://tinyurl.com/mrx9267r,No DOI available for auto-paper-harvester API download.
DOI0686,REF0531,Drinking Water Directive (Council Directive 98/83/EC of 3 November 1998 on the quality of water intended for human consumption).,,,,,no_resolved_doi,no,,0,,,,,http://eur-lex.europa.eu/legal-content/EN/TXT/PDF/?uri=CELEX:31998L0083&from=EN; https://tinyurl.com/5t4wvbpf; https://eur-lex.europa.eu/legal-content/EN/TXT/PDF/?uri=CELEX:32020L2184&from=EN,No DOI available for auto-paper-harvester API download.
DOI0687,REF0532,"[Regulation No. 379 date 25.5.2016 approving the regulation on the quality of drinking water] ""VENDIM Nr. 379, datë 25.5.2016 PËR MIRATIMIN E RREGULLORES “CILËSIA E UJIT TË PIJSHËM”""",,,,,no_resolved_doi,no,,0,,,,,http://extwprlegs1.fao.org/docs/pdf/alb163693.pdf; https://tinyurl.com/yuwucjes,No DOI available for auto-paper-harvester API download.
DOI0688,REF0533,"[Presidential Decree No. 261/11 of 6 October. Regulation on Water Quality] ""Decreto presidential n 261/11 de 6 de Outubro. Regulamento Sobre a Qualidade da Água""",,,,,no_resolved_doi,no,,0,,,,,http://extwprlegs1.fao.org/docs/pdf/ang119447.pdf; https://tinyurl.com/p2hkmbk5,No DOI available for auto-paper-harvester API download.
DOI0689,REF0534,"[24 JANUARY 2002. - Decree of the Government of the Brussels-Capital Region concerning the quality of water distributed by network]. ""24 JANVIER 2002. - Arrêté du Gouvernement de la Région de Bruxelles-Capitale relatif à la qualité de l'eau distribuée par réseau"" ""Le décret du 12.12.2002 (MB 14.01.2003 – err 20.05.2003) – relatif à la qualité de l’eau destinée à la consommation humaine."" ""Het besluit van de Vlaamse regering van 13 december 2002 houdende reglementeringen inzake de kwaliteit en levering van water bestemd voor menselijke consumptie""",,,,,no_resolved_doi,no,,0,,,,,http://extwprlegs1.fao.org/docs/pdf/bel32578.pdf; https://tinyurl.com/muau8mck; https://etaamb.openjustice.be/fr/arrete-du-gouvernement-de-la-region-de-bruxellescapit_n2017031548.html,No DOI available for auto-paper-harvester API download.
DOI0690,REF0535,"[Regulation amending the Regulation No. 9 on the quality of water intended for drinking and household purposes.]. ""Наредба за изменение и допълнение на Наредба No 9 от 2001 г. за качеството на водата, предназначена за питейно-битови цели""",,,,,no_resolved_doi,no,,0,,,,,http://extwprlegs1.fao.org/docs/pdf/bul180911.pdf; https://tinyurl.com/yp27ttdw; http://extwprlegs1.fao.org/docs/pdf/bul33621.pdf,No DOI available for auto-paper-harvester API download.
DOI0691,REF0536,"[Regulation on the parameters of assessment and methods of analysis of water for human consumption] 2013 ""PRAVILNIK O PARAMETRIMA SUKLADNOSTI I METODAMA ANALIZE VODE ZA LJUDSKU POTROŠNJU""",,,,,no_resolved_doi,no,,0,,,,,http://extwprlegs1.fao.org/docs/pdf/cro139920.pdf; https://tinyurl.com/y88bmts6; https://narodne-novine.nn.hr/clanci/sluzbeni/full/2008_04_47_1593.html,No DOI available for auto-paper-harvester API download.
DOI0692,REF0537,"[Collection of Laws of the Czech Republic Regulation No. 83/2014 Coll. Decree amending Decree No 252/2004 Coll. laying down the sanitary requirements for drinking and hot water and the frequency and scope of inspection of drinking water, as amended by subsequent regulations] ""Sbírka zákonů ČR Předpis č. 83/2014 Sb. Vyhláška, kterou se mění vyhláška č. 252/2004 Sb., kterou se stanoví hygienické požadavky na pitnou a teplou vodu ačetnost a rozsah kontroly pitné vody, ve znění pozdějších předpisů""",,,,,no_resolved_doi,no,,0,,,,,http://extwprlegs1.fao.org/docs/pdf/cze141277.pdf; https://tinyurl.com/3n4j65hk,No DOI available for auto-paper-harvester API download.
DOI0693,REF0538,"[Royal Decree No 1310 of 25/11/2015. Order on water quality and monitoring of water supply plants] ""BEK nr 1310 af 25/11/2015. Bekendtgørelse om vandkvalitet og tilsyn med vandforsyningsanlæg""",,,,,no_resolved_doi,no,,0,,,,,http://extwprlegs1.fao.org/docs/pdf/den150549.pdf; https://tinyurl.com/2p97t55w,No DOI available for auto-paper-harvester API download.
DOI0694,REF0539,"[Resolution n°458 of 2007 defining the maximum limits and necessary requirements for drinking water and its domestic use] ""قرار رقم ٤٥٨ لسنة ٢٠٠٧ بشأن الحدود القصوى للمعايير والمواصفات الواجب توافرها في المياه الصالحة للشرب والإستخدام المنزلي""",,,,,no_resolved_doi,no,,0,,,,,http://extwprlegs1.fao.org/docs/pdf/egy83626.pdf; https://tinyurl.com/ye22sadb,No DOI available for auto-paper-harvester API download.
DOI0695,REF0540,"[Agreement No. 1,284 - NSO 13.07.01: 04 on drinking water (Update).] Acuerdo Nº1284 Norma Salvadoreña Obligatoria: Agua. Agua Potable (primera actualización) NSO 13.07.01:04",,,,,no_resolved_doi,no,,0,,,,,http://extwprlegs1.fao.org/docs/pdf/els63117.pdf; https://tinyurl.com/skbraf74; http://extwprlegs1.fao.org/docs/pdf/els14859.pdf; http://usam.salud.gob.sv/archivos/pdf/normas/NORMA_AGUA_ENVASADA08.pdf,No DOI available for auto-paper-harvester API download.
DOI0696,REF0541,"Mandatory Harmlessness and Quality Requirements for Drinking Water, and the Procedures for Monitoring and Control Thereof 14 November 2017",,,,,no_resolved_doi,no,,0,,,,,http://extwprlegs1.fao.org/docs/pdf/lat182092.pdf; https://tinyurl.com/5n8c699w,No DOI available for auto-paper-harvester API download.
DOI0697,REF0542,"[DECREE No. 2003-941 relating to water monitoring, control of water intended for human consumption and priorities for access to water resources] DECRET N° 2003- 941, relatif à la surveillance de l’eau, au contrôle des eaux destinées à la consommation humaine et aux priorités d’accès à la ressource en eau",,,,,no_resolved_doi,no,,0,,,,,http://extwprlegs1.fao.org/docs/pdf/mad92366.pdf; https://tinyurl.com/y5rvvu8v,No DOI available for auto-paper-harvester API download.
DOI0698,REF0543,"LN299 of 2017 Quality of water intended for human consumption (amendment) Regulations, 2017)",,,,,no_resolved_doi,no,,0,,,,,http://extwprlegs1.fao.org/docs/pdf/mlt172288.pdf; https://tinyurl.com/z8mmuhfz,No DOI available for auto-paper-harvester API download.
DOI0699,REF0544,"[Order No. 141/MSP/LCE/DGSPIDS of September 27, 2004 setting drinking water potability standards] Arrete No 141/MSP/LCE/DGSPIDS du 27 septembre 2004 fixant les normes de potabilite de I'eau de boisson.",,,,,no_resolved_doi,no,,0,,,,,http://extwprlegs1.fao.org/docs/pdf/ner95228.pdf; https://tinyurl.com/22k4zd9m,No DOI available for auto-paper-harvester API download.
DOI0700,REF0545,"[Collection of laws no. 496/2010 which amends the regulation of the Government of the Slovak Republic no. 354/2006 Coll., establishing requirements for water int+E108ended for human consumption and quality control of water intended for human consumption] Zbierka zákonov č. 496/2010 ktorým sa mení a dopĺňa nariadenie vlády Slovenskej republiky č. 354/2006 Z. z., ktorým sa ustanovujú požiadavky na vodu určenú na ľudskú spotrebu a kontrolu kvality vody určenej na ľudskú spotrebu",,,,,no_resolved_doi,no,,0,,,,,http://extwprlegs1.fao.org/docs/pdf/slo124701.pdf; https://tinyurl.com/255eea2j,No DOI available for auto-paper-harvester API download.
DOI0701,REF0546,Uganda Standard US EAS 12:2014 Drinking (potable) water - Specification,,,,,no_resolved_doi,no,,0,,,,,http://extwprlegs1.fao.org/docs/pdf/uga205721.pdf; https://tinyurl.com/2trjhwpx,No DOI available for auto-paper-harvester API download.
DOI0702,REF0547,"[Resolution 2115 of 2007] ""Resolucion 2115 de 2007""",,,,,no_resolved_doi,no,,0,,,,,http://extwprlegs1.fao.org/docs/texts/col75480.doc; https://tinyurl.com/y6f34x98; https://alquimdecim.files.wordpress.com/2013/10/normas_oficiales_para_la_calidad_del_agua_colombia.pdf,No DOI available for auto-paper-harvester API download.
DOI0703,REF0548,"[Regulation No. 82 of the Minister of Social Affairs of 31 July 2001 (RTL 2001, 100, 1369) Amendment No. 97 of 14.12.2009 entered into force 1.01.2010] Joogivee kvaliteedi- ja kontrollinõuded ning analüüsimeetodid. Vastu võetud 31.07.2001 nr 82. Avaldamismärge: RTL 2009, 99, 1482 Sotsiaalministri määruste muutmine seoses Terviseameti moodustamisega. Vastu võetud 14.12.2009 nr 97",,,,,no_resolved_doi,no,,0,,,,,http://extwprlegs1.fao.org/docs/texts/est98585E.doc; https://tinyurl.com/nhdeb8xf; https://www.riigiteataja.ee/akt/27212; https://www.riigiteataja.ee/akt/13245254,No DOI available for auto-paper-harvester API download.
DOI0704,REF0549,[Governmental Decree No. 201 of 2001 (X.25.) Korm. on quality standards for potable water and on rules of quality control.] 201/2001. (X. 25.) Korm. Rendelet az ivóvíz minőségi követelményeiről és az ellenőrzés rendjéről,,,,,no_resolved_doi,no,,0,,,,,http://extwprlegs1.fao.org/docs/texts/hun97809.doc; https://tinyurl.com/yc4ckdh2,No DOI available for auto-paper-harvester API download.
DOI0705,REF0550,"[MNS 0900:2005 Drinking water. Hygienic requirements and their control] MNS 0900:2005 Ундны ус. Эрүүл ахуйн шаардлага, түүнд тавих хяналт",,,,,no_resolved_doi,no,,0,,,,,http://greenassessment.mn/upload/files/20051208_MNS_0900_2005_%D0%A5%D2%AF%D1%80%D1%8D%D1%8D%D0%BB%D1%8D%D0%BD_%D0%B1%D1%83%D0%B9_%D0%BE%D1%80%D1%87%D0%B8%D0%BD._%D0%AD%D1%80%D2%AF%D2%AF%D0%BB_%D0%BC%D1%8D%D0%BD%D0%B4%D0%B8%D0%B9%D0%B3_%D1%85%D0%B0%D0%BC%D0%B3%D0%B0%D0%B0%D0%BB%D0%B0%D1%85_._%D0%90%D1%8E%D1%83%D0%BB%D0%B3%D2%AF%D0%B9_%D0%B1%D0%B0%D0%B9%D0%B4%D0%B0%D0%BB_._%D0%A3%D0%BD%D0%B4%D0%BD%D1%8B_%D1%83%D1%81_.pdf; https://tinyurl.com/573kedeh,No DOI available for auto-paper-harvester API download.
DOI0706,REF0551,Performance indicators for water supply and sanitation service in the republic of Tajikistan: Regulatory and Statutory Requirements. Reference Guide.2017,,,,,no_resolved_doi,no,,0,,,,,http://istemol.tj/wp-content/uploads/2020/03/FINAL_SPI_-eng_edit-Oct-6_MB-edit.pdf; https://tinyurl.com/54yy7uty; http://www.tajwss.tj/new/images/dwlaw.pdf,No DOI available for auto-paper-harvester API download.
DOI0707,REF0552,Règlement grand-ducal du 7 octobre 2002 relatif à la qualité des eaux destinées à la consommation humaine.,,,,,no_resolved_doi,no,,0,,,,,http://legilux.public.lu/eli/etat/leg/rgd/2002/10/07/n1/jo; https://tinyurl.com/32erkt9c,No DOI available for auto-paper-harvester API download.
DOI0708,REF0553,"Drinking-Water Standard IQS: 417, 2001, “Iraqi Criteria and Standards for drinking water, chemical limits,” 2nd update 2009 for chemical and physical limits, 2009.",,,,,no_resolved_doi,no,,0,,,,,http://open_jicareport.jica.go.jp/pdf/257895.pdf,No DOI available for auto-paper-harvester API download.
DOI0709,REF0554,Cambodian National Drinking Water Quality Standards. Ministry of Industry Mines And Energy,,,,,no_resolved_doi,no,,0,,,,,http://rdic.org/wp-content/uploads/2014/12/MIME-Drinking-Water-Quality-Standards-2004-en.pdf; https://tinyurl.com/nhs9yzan,No DOI available for auto-paper-harvester API download.
DOI0710,REF0555,"[Decree 42-05 Establishes the Regulation of Water for Human Consumption, State Secretariat of Public Health and Social Assistance (SESPAS) 2005.] ""Decreto 42-05 Establece el Reglamento de Aguas Consumo Humano, Secretaría de Estado de Salud Pública y Asistencia Social (SESPAS) 2005""",,,,,no_resolved_doi,no,,0,,,,,http://repositorio.msp.gob.do/handle/123456789/1187; https://tinyurl.com/vznrp9vc,No DOI available for auto-paper-harvester API download.
DOI0711,REF0556,"[ARGENTINE FOOD CODE Joint Resolution 68/2007 and 196/2007 Amendment.] ""CODIGO ALIMENTARIO ARGENTINO Resolución Conjunta 68/2007 y 196/2007 Modificación.""",,,,,no_resolved_doi,no,,0,,,,,http://servicios.infoleg.gob.ar/infolegInternet/anexos/125000-129999/128630/norma.htm; https://tinyurl.com/26wh3w9f,No DOI available for auto-paper-harvester API download.
DOI0712,REF0558,SLS 21:2010 Water Quality _ Specification for drinking water,,,,,no_resolved_doi,no,,0,,,,,http://slsb.gov.sl/index.php/catalogue; https://tinyurl.com/2p9ph4v3; http://interaide.org/watsan/sl/wp-content/uploads/2015/07/National-WASH-Policy-Final-2010.pdf,No DOI available for auto-paper-harvester API download.
DOI0713,REF0559,"[Bolivian Standard NB 512 Drinking Water Requirements] 2004. ""Norma Boliviana NB 512 Agua Potable Requisitos""",,,,,no_resolved_doi,no,,0,,,,,http://www.anesapa.org/data/files/NB512-AP_Requisitos.pdf; https://tinyurl.com/3p2x6uss; http://www.anesapa.org/data/files/NB512-REGLAM-CtrlCalidadAguaCH.pdf,No DOI available for auto-paper-harvester API download.
DOI0714,REF0560,National report water quality standards and norms in the republic of Uzbekistan ISBN 978-601-7265-02-1,,,,,no_resolved_doi,no,,0,,,,,http://www.cawater-info.net/water_quality_in_ca/files/uzbekistan_en.pdf; https://tinyurl.com/24ykj4vs; https://minzdrav.uz/documentation/detail.php?ID=51203#,No DOI available for auto-paper-harvester API download.
DOI0715,REF0561,"[GUATEMALAN TECHNICAL STANDARD, COGUANOR NTG 29001. Water for human consumption (drinking water). Specs. (2013)] NORMA TÉCNICA GUATEMALTECA, COGUANOR NTG 29001. Agua para consumo humano (agua potable). Especificaciones. (2013)",,,,,no_resolved_doi,no,,0,,,,,http://www.copresam.gob.gt/wp-content/uploads/2021/01/Norma-Tecnica-Guatemalteca-NTG29001.pdf; https://tinyurl.com/3nx9nk5r; http://www.ingenieroambiental.com/4014/01.norma-guatemala.pdf,No DOI available for auto-paper-harvester API download.
DOI0716,REF0562,"[The Quality of Water for Human Consumption (Monitoring and Control) Law of 2001 (Law 87(I)/2001)] ""Ο Περί της Ποιότητας του Νερού Ανθρώπινης Κατανάλωσης (Παρακολούθηση και Έλεγχος) Νόμος του 2001 (Ν. 87(I)/2001)""",,,,,no_resolved_doi,no,,0,,,,,http://www.cylaw.org/nomoi/indexes/2001_1_87.html; https://tinyurl.com/yzw5detn,No DOI available for auto-paper-harvester API download.
DOI0717,REF0563,Reglamento de la calidad de agua para consumo humano DS N° 031-2010-SA,,,,,no_resolved_doi,no,,0,,,,,http://www.digesa.minsa.gob.pe/publicaciones/descargas/Reglamento_Calidad_Agua.pdf; https://tinyurl.com/bdfd3fb6; http://www.ana.gob.pe/sites/default/files/normatividad/files/ds-ndeg-015-2015-minam.pdf,No DOI available for auto-paper-harvester API download.
DOI0718,REF0565,National Standard for Drinking Water Quality 2004,,,,,no_resolved_doi,no,,0,,,,,http://www.gunungganang.com.my/pdf/Malaysian-Policies-Standards-Guidelines/Standards/National%20Drinking%20Water%20Quality%20Standard.pdf; https://tinyurl.com/yn26xd36,No DOI available for auto-paper-harvester API download.
DOI0719,REF0566,Ghana Standard GS 175-1:2013 Water Quality - Specification for Drinking Water,,,,,no_resolved_doi,no,,0,,,,,http://www.gwcl.com.gh/national_drinking_water_quality__management_framework.pdf; https://tinyurl.com/yck6hnxf,No DOI available for auto-paper-harvester API download.
DOI0720,REF0567,GB 5749-2006 Standards for drinking water quality,,,,,no_resolved_doi,no,,0,,,,,http://www.iwa-network.org/filemanager-uploads/WQ_Compendium/Database/Selected_guidelines/016.pdf; https://tinyurl.com/yckdxccn,No DOI available for auto-paper-harvester API download.
DOI0721,REF0568,Resolution on enactment of sanitary rules. June 2010,,,,,no_resolved_doi,no,,0,,,,,http://www.iwa-network.org/filemanager-uploads/WQ_Compendium/Database/Selected_guidelines/038.pdf; https://tinyurl.com/mpbdrch9,No DOI available for auto-paper-harvester API download.
DOI0722,REF0569,"Drinking Water, 161:2016 NL, ICS 13.060.20, 2016 ; Ministry of Environment Decree No 52/1 - Standards for the Minimization of Pollution of Air, Water and Soil 2006",,,,,no_resolved_doi,no,,0,,,,,http://www.libnor.gov.lb/ViewCatalogs.aspx?language=en&title=drinking%20water; https://tinyurl.com/4wthy5ms,No DOI available for auto-paper-harvester API download.
DOI0723,REF0571,[Ministerial Ordinance Concerning Drinking Water Quality Standards - 2010] ○水質基準に関する省令,,,,,no_resolved_doi,no,,0,,,,,http://www.mhlw.go.jp/english/policy/health/water_supply/dl/4a.pdf; https://tinyurl.com/372z8zf7; http://www.nilim.go.jp/lab/bcg/siryou/tnn/tnn0264pdf/ks0264011.pdf; http://www.mhlw.go.jp/english/policy/health/water_supply/4.html,No DOI available for auto-paper-harvester API download.
DOI0724,REF0572,[Omani Standard No 8/2012 Unbottled Drinking Water] مياه الشرب غير المعبأة,,,,,no_resolved_doi,no,,0,,,,,http://www.pdo.co.om/hseforcontractors/LegalRequirements/OS%208-2012-E-Unbottled%20Drinking%20Water%20Standard.pdf; https://tinyurl.com/48xaxcjd,No DOI available for auto-paper-harvester API download.
DOI0725,REF0573,"[Drinking Water Quality Regulations 2015] ""Reglamento para la Calidad del Agua Potable 2015""",,,,,no_resolved_doi,no,,0,,,,,http://www.pgrweb.go.cr/scij/Busqueda/Normativa/Normas/nrm_texto_completo.aspx?nValor1=1&nValor2=80047#ddown; https://tinyurl.com/mr2ff8j6,No DOI available for auto-paper-harvester API download.
DOI0726,REF0574,"[Rules on drinking water (Official Gazette of the Republic of Slovenia, no. 19/04 , 35/04 , 26/06 , 92/06 , 25/09 , 74/15 and 51/17] Pravilnik o pitni vodi (Ur. list RS št. 19/2004, 35/2004, 26/2006, 92/2006, 25/2009 in 74/2015)",,,,,no_resolved_doi,no,,0,,,,,http://www.pisrs.si/Pis.web/pregledPredpisa?id=PRAV3713; https://tinyurl.com/2adx5wwv,No DOI available for auto-paper-harvester API download.
DOI0727,REF0576,Kenya Standard KS EAS 12.2014 Potable water — Specification,,,,,no_resolved_doi,no,,0,,,,,http://www.puntofocal.gov.ar/notific_otros_miembros/ken470_t.pdf; https://tinyurl.com/bdhsb6m4; https://www.nema.go.ke/images/Docs/water/water_quality_regulations.pdf; https://s3.amazonaws.com/helpscout.net/docs/assets/536fb913e4b03c6512282450/attachments/57864937903360751e722426/Water-Quality-&-Effluent-Monitoring-Guidelines.pdf,No DOI available for auto-paper-harvester API download.
DOI0728,REF0577,"Drinking Water Quality - Specification), Zambian Bureau of Standards. ZS 190:2010, ICS 13.060.20",,,,,no_resolved_doi,no,,0,,,,,http://www.puntofocal.gov.ar/notific_otros_miembros/zmb48_t.pdf; https://tinyurl.com/mryrxcvw,No DOI available for auto-paper-harvester API download.
DOI0729,REF0578,Palestinian Water Authority: Water Law No. 3. 2002,,,,,no_resolved_doi,no,,0,,,,,http://www.pwa.ps/userfiles/file/water-law-App_-E1.pdf; https://tinyurl.com/yc66duyh,No DOI available for auto-paper-harvester API download.
DOI0730,REF0579,[Regulation on waters for human consumption] İNSANİ TÜKETİM AMAÇLI SULAR HAKKINDA YÖNETMELİKTE,,,,,no_resolved_doi,no,,0,,,,,http://www.resmigazete.gov.tr/eskiler/2013/03/20130307-7.htm; https://tinyurl.com/4vxkm5y8,No DOI available for auto-paper-harvester API download.
DOI0731,REF0580,Norme Tunisienne NT 09-14 (2013) relative a la qualite des eaux de boisson,,,,,no_resolved_doi,no,,0,,,,,http://www.sonede.com.tn/fileadmin/medias/doc/Rapport_PGES-6-01-2015.pdf; http://www.citet.nat.tn/Portail/doc/SYRACUSE/14700/norme-tunisienne-enregistree-nt-iso-5667-5-1991-qualite-de-l-eau-echantillonnage-partie-5-guide-pour?_lg=fr-FR,No DOI available for auto-paper-harvester API download.
DOI0732,REF0581,[Implementation of Directive 98/83 / EC relating to the quality of water intended for human consumption] Attuazione della direttiva 98/83/CE relativa alla qualità delle acque destinate al consumo umano,,,,,no_resolved_doi,no,,0,,,,,http://www.trovanorme.salute.gov.it/norme/dettaglioAtto?id=51112&completo=true; https://tinyurl.com/558fxp6u,No DOI available for auto-paper-harvester API download.
DOI0733,REF0582,"Notification of the Ministry of Industry, No. 322, B.E. 2521 (1978), issued under the Industrial Products Standards Act B.E. 2511 (1968)",,,,,no_resolved_doi,no,,0,,,,,http://www.wepa-db.net/policies/law/thailand/std_drinking.htm; https://tinyurl.com/3wm9x2rm,No DOI available for auto-paper-harvester API download.
DOI0734,REF0583,"[On the approval of the State sanitary norms and rules ""Hygienic requirements for drinking water intended for human consumption"". Order 12.05.2010 No. 400]. Про затвердження Державних санітарних норм та правил ""Гігієнічні вимоги до води питної, призначеної для споживання людиною"". НАКАЗ 12.05.2010 No. 400.",,,,,no_resolved_doi,no,,0,,,,,http://zakon1.rada.gov.ua/laws/show/z0452-10/print; https://tinyurl.com/yc4n6j3m; https://en.baker-group.net/articles/publikatsii/474-2015-09-29-20-08-53.html,No DOI available for auto-paper-harvester API download.
DOI0735,REF0584,"[Circular No. 04/2009/TT-BYT of June 17, 2009, on the issuance of “ National Technical Regulation on the Drinking Water Quality”]",,,,,no_resolved_doi,no,,0,,,,,https://aigavn.com.vn/wp-content/uploads/2021/06/04_2009_TT-BYT_NATIONAL-TECHNICAL-REGULATION-ON-DRINKING-WATER-QUALITY-E.pdf; https://tinyurl.com/2htfp9en,No DOI available for auto-paper-harvester API download.
DOI0736,REF0585,SANS 241-1:2015 SOUTH AFRICAN NATIONAL STANDARD,,,,,no_resolved_doi,no,,0,,,,,https://alabbott.co.za/wp-content/uploads/2020/02/abbott_sans_241_test_requirements.pdf; https://tinyurl.com/2kt6rt3d; http://www.iwa-network.org/filemanager-uploads/WQ_Compendium/Database/Selected_guidelines/041.pdf,No DOI available for auto-paper-harvester API download.
DOI0737,REF0586,"BOS 32: 2015 3rd ed. Drinking water - Specification. Botswana Bureau of Standards. BOS 32:2015. 3rd Edition. Gaborone, Botswana; 2015",,,,,no_resolved_doi,no,,0,,,,,https://bobstandards.bw/product/bos-322015-ed3/; https://tinyurl.com/4tdaj42v; https://www.water.gov.bw/images/Reports/Botswana-SA_Joint_Water_Quality_Baseline_Report_for_Limpopo_Transboundary_River_2013_(Final).pdf,No DOI available for auto-paper-harvester API download.
DOI0738,REF0587,"[ORDINANCE GM/MS No. 888, OF MAY 4, 2021 on procedures for the control and surveillance of the quality of water for human consumption and its potability standard]. ""PORTARIA GM/MS Nº 888, DE 4 DE MAIO DE 2021 sobre os procedimentos de controle e de vigilância da qualidade da água para consumo humano e seu padrão de potabilidade""",,,,,no_resolved_doi,no,,0,,,,,https://bvsms.saude.gov.br/bvs/saudelegis/gm/2021/prt0888_07_05_2021.html; https://tinyurl.com/vr9prcee; https://www.normasbrasil.com.br/norma/portaria-de-consolidacao-5-2017_356387.html,No DOI available for auto-paper-harvester API download.
DOI0739,REF0588,"Water Safety Framework in Bangladesh, Ministry of Local Government, Rural Development and Cooperatives, Government of the People’s Republic of Bangladesh. October 2011",,,,,no_resolved_doi,no,,0,,,,,https://cdn.who.int/media/docs/default-source/searo/bangladesh/pdf-reports/year-2007-2012/water-safety-framework-(wsf)-in-bangladesh---part-1.pdf?sfvrsn=5ee5fec1_2; https://tinyurl.com/yc7wdb78; http://dphe.gov.bd/site/page/15fa0d7b-11f1-45c0-a684-10a543376873/Water-Quality-Parameters-,No DOI available for auto-paper-harvester API download.
DOI0740,REF0589,"[Drinking water - Requirements. Official Chilean Standard NCh409/1.Of2005.] ""Agua potable - Requisitos. Norma Chilena Oficial NCh409/1.Of2005""",,,,,no_resolved_doi,no,,0,,,,,https://ciperchile.cl/pdfs/11-2013/norovirus/NCh409.pdf; https://tinyurl.com/54k7kc2m,No DOI available for auto-paper-harvester API download.
DOI0741,REF0590,"[National Drinking Water Quality Standards 2005] Unofficial Enlgish Translation from Nepali version of ""Rashtriya Khanepani Gunastar Mapdanda, 2062 tatha Rashtriya Khanepani Gunastar Mapdanda Karyanwayan Nirdeshika, 2062""",,,,,no_resolved_doi,no,,0,,,,,https://climate.mohp.gov.np/downloads/National_Drinking_Water_Quality_Standards_2005.pdf; https://tinyurl.com/2s43dw2p,No DOI available for auto-paper-harvester API download.
DOI0742,REF0591,"[NC 827:2017 Drinking water - Sanitation requirements] ""NC 827:2017 Agua potable ― Requisitos sanitarios""",,,,,no_resolved_doi,no,,0,,,,,https://docplayer.es/23471608-Higiene-comunal-fuentes-de-abastecimiento-de-agua-calidad-y-proteccion-sanitaria.html,No DOI available for auto-paper-harvester API download.
DOI0743,REF0592,Norma UNIT 833:2008 “Agua potable. Requisitos”,,,,,no_resolved_doi,no,,0,,,,,https://docplayer.es/28619993-Instituto-uruguayo-de-normas-tecnicas.html; https://tinyurl.com/29jt477p,No DOI available for auto-paper-harvester API download.
DOI0744,REF0593,"[Lithuanian hygiene standards hn 24:2017 ""drinking water safety and quality requirements] 24:2017 „Geriamojo Vandens Saugos Ir Kokybės Resikalavimai",,,,,no_resolved_doi,no,,0,,,,,https://e-seimas.lrs.lt/portal/legalAct/lt/TAD/TAIS.216309/asr; https://tinyurl.com/276ss86k,No DOI available for auto-paper-harvester API download.
DOI0745,REF0595,"[Decree-Law No. 152/2017, of December 7] Decreto-Lei n.º 152/2017, de 7 de dezembro",,,,,no_resolved_doi,no,,0,,,,,https://files.dre.pt/1s/2017/12/23500/0655506576.pdf; https://tinyurl.com/42y8jxm5,No DOI available for auto-paper-harvester API download.
DOI0746,REF0596,"[Executive Decree No. 11-125 of 17 Rabie Ethani 1432 corresponding to 22 March 2011 relating to the quality of water for human consumption.] ""Dècret exècutif n 11-125 du 17 Rabie Ethani 1432 correspondant au 22 mars 2011 relatif à la qualitè de l'eau de consommation humaine""",,,,,no_resolved_doi,no,,0,,,,,https://gazettes.africa/archive/dz/2011/dz-government-gazette-dated-2011-03-23-no-18.pdf; https://tinyurl.com/3ap9eeaa,No DOI available for auto-paper-harvester API download.
DOI0747,REF0597,[Regulation on the Quality of Water for Human Consumption 2004] Regulamento sobre a Qualidade da Água para o Consumo Humano 2004,,,,,no_resolved_doi,no,,0,,,,,https://gazettes.africa/archive/mz/2004/mz-government-gazette-series-i-dated-2004-09-15-no-37.pdf; https://tinyurl.com/3y2dh93p,No DOI available for auto-paper-harvester API download.
DOI0748,REF0598,[Regulation of the Minister of Health of 7 December 2017 on the quality of water intended for human consumptio] Rozporządzenie Ministra Zdrowia z dnia 7 grudnia 2017 r. w sprawie jakości wody przeznaczonej do spożycia przez ludzi,,,,,no_resolved_doi,no,,0,,,,,https://isap.sejm.gov.pl/isap.nsf/download.xsp/WDU20170002294/O/D20172294.pdf; https://tinyurl.com/34krr848; http://extwprlegs1.fao.org/docs/pdf/pol113702.pdf,No DOI available for auto-paper-harvester API download.
DOI0749,REF0599,"ISIRI 1053, 5th.revision, Institute of Standards and Industrial Research of Iran. Drinking water -Physical and chemical specifications 2010",,,,,no_resolved_doi,no,,0,,,,,https://leap.unep.org/countries/ir/national-legislation/iran-water-law-and-methods-nationalization-water,No DOI available for auto-paper-harvester API download.
DOI0750,REF0600,[Law no. 458/2002 regarding the quality of drinking water] Legea nr. 458/2002 privind calitatea apei potabile,,,,,no_resolved_doi,no,,0,,,,,https://lege5.ro/Gratuit/gi3dinzzgi/legea-nr-458-2002-privind-calitatea-apei-potabile?d=03.11.2022; https://tinyurl.com/42rna8c3,No DOI available for auto-paper-harvester API download.
DOI0751,REF0601,Samoa National Drinking Water Standards 2008,,,,,no_resolved_doi,no,,0,,,,,https://library.sprep.org/content/samoa-national-drinking-water-standards-2008; https://tinyurl.com/56bxnue8,No DOI available for auto-paper-harvester API download.
DOI0752,REF0602,[FOR-2016-12-22-1868 Regulations on water supply and drinking water (drinking water regulations)] FOR-2016-12-22-1868 Forskrift om vannforsyning og drikkevann (drikkevannsforskriften),,,,,no_resolved_doi,no,,0,,,,,https://lovdata.no/dokument/SF/forskrift/2016-12-22-1868; https://tinyurl.com/2p8dv6am,No DOI available for auto-paper-harvester API download.
DOI0753,REF0603,"GOST 2874-82 * ""Drinking water. Hygienic requirements and quality control » [ГОСТ 2874-82* «Вода питьевая. Гигиенические требования и контроль за качеством»]",,,,,no_resolved_doi,no,,0,,,,,https://ohranatruda.ru/ot_biblio/norma/220583/; https://tinyurl.com/2chnwb33; http://extwprlegs1.fao.org/docs/texts/kaz82120.doc,No DOI available for auto-paper-harvester API download.
DOI0754,REF0604,Sri Lanka Standard SPECIFICATION FOR POTABLE WATER SLS 614:2013,,,,,no_resolved_doi,no,,0,,,,,https://pdfcoffee.com/sls-614-pdf-free.html; https://tinyurl.com/muhp9x77,No DOI available for auto-paper-harvester API download.
DOI0755,REF0607,Nigerian Standard for Drinking Water Quality NIS 554: 2015,,,,,no_resolved_doi,no,,0,,,,,https://rivwamis.riversstate.gov.ng/assets/files/Nigerian-Standard-for-Drinking-Water-Quality-NIS-554-2015.pdf; https://tinyurl.com/e7c8rx8s,No DOI available for auto-paper-harvester API download.
DOI0756,REF0609,[Regulation of the Minister of Health on drinking water quality requirements.] Nomor 492/Menkes/Per/IV/2010,,,,,no_resolved_doi,no,,0,,,,,https://stunting.go.id/sdm_downloads/permenkes-no-492-tahun-2010-tentang-persyaratan-kualitas-air-minum/; https://tinyurl.com/5h7m2heu,No DOI available for auto-paper-harvester API download.
DOI0757,REF0610,[Moroccan Norm NM 03.7.001 Quality of human drinking water 2006] Norm Marocaine NM 03.7.001 Qualité des eaux d'alimentation humane 2006,,,,,no_resolved_doi,no,,0,,,,,https://toaz.info/doc-view; https://tinyurl.com/2j5h9ytt,No DOI available for auto-paper-harvester API download.
DOI0758,REF0611,[Drinking water decree] Drinkwaterbesluit Geldend van 01-07-2022 t/m heden,,,,,no_resolved_doi,no,,0,,,,,https://wetten.overheid.nl/BWBR0030111/2022-07-01; https://tinyurl.com/4zk469b2,No DOI available for auto-paper-harvester API download.
DOI0759,REF0612,"Reglamento Técnico DGNT-COPANIT 23-395-99 Agua, Agua Potable Definiciones y Requistos Generales",,,,,no_resolved_doi,no,,0,,,,,https://www.asep.gob.pa/wp-content/uploads/agua/legislacion/dgnti_23-395.pdf; https://tinyurl.com/5n7eyhvp,No DOI available for auto-paper-harvester API download.
DOI0760,REF0613,Ley nº 1614 / general del marco regulatorio y tarifario del servicio público de provisión de agua potable y alcantarillado sanitario para la republica del paragua,,,,,no_resolved_doi,no,,0,,,,,https://www.bacn.gov.py/leyes-paraguayas/1694/ley-n-1614-general-del-marco-regulatorio-y-tarifario-del-servicio-publico-de-provision-de-agua-potable-y-alcantarillado-sanitario-para-la-republica-del-paraguay; https://tinyurl.com/4kyr2eah; http://redrural.org.py/biblioteca/wp-content/uploads/2014/03/LEY_1614-2000-_Servicios_de_agua_y_alcantarillado.pdf,No DOI available for auto-paper-harvester API download.
DOI0761,REF0614,Drinking water Standards 2008,,,,,no_resolved_doi,no,,0,,,,,https://www.bebuffered.com/downloads/TechGuidelinesforImprovedconstructionandmanagementofHafir_2009.pdf; http://applications.emro.who.int/dsaf/dsa1183.pdf,No DOI available for auto-paper-harvester API download.
DOI0762,REF0615,"[Royal Decree 140/2003, of February 7, which establishes the health criteria for the quality of water for human consumption.] Real Decreto 140/2003, de 7 de febrero, por el que se establecen los criterios sanitarios de la calidad del agua de consumo humano.",,,,,no_resolved_doi,no,,0,,,,,https://www.boe.es/buscar/act.php?id=BOE-A-2003-3596; https://tinyurl.com/5ah9927z,No DOI available for auto-paper-harvester API download.
DOI0763,REF0616,[ORDINANCE ON THE QUALITY OF WATER INTENDED FOR HUMAN CONSUMPTION] Verordnung über die Qualität von Wasser für den menschlichen Gebrauch (Trinkwasserverordnung – TrinkwV 2001),,,,,no_resolved_doi,no,,0,,,,,https://www.bundesgesundheitsministerium.de/fileadmin/Dateien/3_Downloads/E/Englische_Dateien/Drinking_Water_Ordinance.pdf; https://tinyurl.com/95en675d,No DOI available for auto-paper-harvester API download.
DOI0764,REF0617,"Health Canada (2019). Guidelines for Canadian Drinking Water Quality—Summary Table. Water and Air Quality Bureau, Healthy Environments and Consumer Safety Branch, Health Canada, Ottawa, Ontario",,,,,no_resolved_doi,no,,0,,,,,https://www.canada.ca/content/dam/hc-sc/migration/hc-sc/ewh-semt/alt_formats/pdf/pubs/water-eau/sum_guide-res_recom/sum_guide-res_recom-eng.pdf; https://tinyurl.com/ymu7jwmy,No DOI available for auto-paper-harvester API download.
DOI0765,REF0618,"Drinking water specifications CES 58, Compulsory Ethiopian Standard, 1st edition 2013",,,,,no_resolved_doi,no,,0,,,,,https://www.cmpethiopia.org/media/ethiopian_drinking_water_quality_standard_2013; https://tinyurl.com/ekbvjdsx,No DOI available for auto-paper-harvester API download.
DOI0766,REF0619,"[Amendment of the Sanitary Provision common ministerial decision Y2/2600/2001 ""Quality of water intended for human consumption"", in compliance with Directive 98/83/EC of the Council of the European Union of 3 November 1998] Τροποποίηση της Υγειονομικής Διάταξης κοινής υπουργικής απόφασης Υ2/2600/2001 «Ποιότητα του νερού ανθρώπινης κατανάλωσης», σε συμμόρφωση προς την οδηγία 98/83/ΕΚ του Συμβουλίου της Ευρωπαϊκής Ένωσης της 3ης Νοεμβρίου 1998",,,,,no_resolved_doi,no,,0,,,,,https://www.elinyae.gr/sites/default/files/2019-07/630b_07.1178194061365.pdf; https://tinyurl.com/ycxur84x,No DOI available for auto-paper-harvester API download.
DOI0767,REF0620,National Primary Drinking Water Regulations,,,,,no_resolved_doi,no,,0,,,,,https://www.epa.gov/ground-water-and-drinking-water/national-primary-drinking-water-regulations; https://tinyurl.com/482kwxxz; https://nepis.epa.gov/Exe/ZyPDF.cgi?Dockey=P100C8XW.txt,No DOI available for auto-paper-harvester API download.
DOI0768,REF0621,"Water and Wastewater Quality Monitoring Guidelines for Water Utilities December, 2014",,,,,no_resolved_doi,no,,0,,,,,https://www.ewura.go.tz/wp-content/uploads/2020/06/Water-and-Wastewater-Quality-Monitoring-Guidelines-2020.pdf; https://tinyurl.com/2v897j4u,No DOI available for auto-paper-harvester API download.
DOI0769,REF0622,Philippine National Standards for Drinking Water 2017,,,,,no_resolved_doi,no,,0,,,,,https://www.fda.gov.ph/wp-content/uploads/2021/08/Administrative-Order-No.-2017-0010.pdf; https://tinyurl.com/y722hjpz; http://server2.denr.gov.ph/uploads/rmdd/dao-2016-08.pdf,No DOI available for auto-paper-harvester API download.
DOI0770,REF0623,[DFI order on drinking water and water from bathing and shower facilities accessible to the public] Ordonnance du DFI sur l'eau potable et l'eau des installations de baignade et de douche accessible au public,,,,,no_resolved_doi,no,,0,,,,,https://www.fedlex.admin.ch/eli/cc/2017/153/fr#art_12; https://tinyurl.com/2p92rfh8,No DOI available for auto-paper-harvester API download.
DOI0771,REF0624,[Decree of the Ministry of Health on the quality requirements for drinking water 19.5.2000/461] Terveysministeriön asetus talousveden laatuvaatimuksista 19.5.2000/461,,,,,no_resolved_doi,no,,0,,,,,https://www.finlex.fi/fi/laki/alkup/2000/20000461; https://tinyurl.com/4yn8zebd; http://extwprlegs1.fao.org/docs/pdf/fin12016.pdf; http://www.samk.fi/wp-content/uploads/2016/06/Summary-report-ed1.pdf,No DOI available for auto-paper-harvester API download.
DOI0772,REF0625,"Public Health Regulations (Sanitary Quality of Drinking Water And Drinking Water Facilities), 2013",,,,,no_resolved_doi,no,,0,,,,,https://www.gov.il/he/Departments/legalInfo/briut47; https://tinyurl.com/2ek2zajm; https://www.health.gov.il/Subjects/Environmental_Health/drinking_water/Documents/Briut47-Eng.pdf,No DOI available for auto-paper-harvester API download.
DOI0773,REF0626,GSO 149/2021. Gulf Technical Regulation.Unbottled drinking water.,,,,,no_resolved_doi,no,,0,,,,,https://www.gso.org.sa/store/standards/GSO:781296/GSO%20149:2021?lang=en; https://tinyurl.com/3uhamjjb; http://www.thewatertreatments.com/water-treatment-news/water-quality-standards-saso-saudi/,No DOI available for auto-paper-harvester API download.
DOI0774,REF0627,"Norma Regional de Calidad del Agua. Comite Coordinador Regional de Instituciones de Agua Potable y Saneamiento de Centroamerica, Panama y Republica Dominicana – Capre 1994",,,,,no_resolved_doi,no,,0,,,,,https://www.ipsa.gob.ni/Portals/0/1%20Inocuidad%20Alimentaria/Normativas%20Generales/ACTUALIZACION%20051217/Secci%C3%B3n%20Inocuidad%20L%C3%A1cteos/Normas%20CAPRE.pdf.pdf; https://tinyurl.com/2c5bxurv,No DOI available for auto-paper-harvester API download.
DOI0775,REF0628,STATUTORY INSTRUMENTS. S.I. No. 122 of 2014. EUROPEAN UNION (DRINKING WATER) REGULATIONS 2014,,,,,no_resolved_doi,no,,0,,,,,https://www.irishstatutebook.ie/eli/2014/si/122/made/en/pdf; https://tinyurl.com/4sy7j5uz,No DOI available for auto-paper-harvester API download.
DOI0776,REF0629,Management of Drinking-water Act 2008,,,,,no_resolved_doi,no,,0,,,,,https://www.iwa-network.org/filemanager-uploads/WQ_Compendium/Database/Future_analysis/071.pdf; https://tinyurl.com/3feu7cus; http://extwprlegs1.fao.org/docs/pdf/kor113264.pdf; http://www.iwa-network.org/filemanager-uploads/WQ_Compendium/Database/Future_analysis/071.pdf,No DOI available for auto-paper-harvester API download.
DOI0777,REF0630,"[Order of 11 January 2007 on the quality limits and references of raw water and water intended for human consumption mentioned in Articles R. 1321-2, R. 1321-3, R. 1321-7 and R. 1321-38 of the Public Health Code] Arrêté du 11 janvier 2007 relatif aux limites et références de qualité des eaux brutes et des eaux destinées à la consommation humaine mentionnées aux articles R. 1321-2, R. 1321-3, R. 1321-7 et R. 1321-38 du code de la santé publique",,,,,no_resolved_doi,no,,0,,,,,https://www.legifrance.gouv.fr/jo_pdf.do?id=JORFTEXT000000465574; https://tinyurl.com/46xvfjxv,No DOI available for auto-paper-harvester API download.
DOI0778,REF0631,The Water Supply (Water Quality) Regulations 2018. 2018 No. 647 (W. 121),,,,,no_resolved_doi,no,,0,,,,,https://www.legislation.gov.uk/wsi/2018/647/contents/made; https://tinyurl.com/ywx4tyxh,No DOI available for auto-paper-harvester API download.
DOI0779,REF0632,[Regulations on changes in the Swedish Food Agency regulations (SLVFS 2001:30) on drinking water] Föreskrifter om ändring i Livsmedelsverkets föreskrifter (SLVFS 2001:30) om dricksvatten,,,,,no_resolved_doi,no,,0,,,,,https://www.livsmedelsverket.se/globalassets/om-oss/lagstiftning/dricksvatten---naturl-mineralv---kallv/livsfs-2015-3.pdf; https://tinyurl.com/yc6vd72b,No DOI available for auto-paper-harvester API download.
DOI0780,REF0633,Drinking-water Standards for New Zealand 2005 (Revised 2008),,,,,no_resolved_doi,no,,0,,,,,https://www.moh.govt.nz/notebook/nbbooks.nsf/0/B9917ABBB22BE387CC2583B2007928FE/$file/dwsnz-2005-revised-mar2019.pdf; https://tinyurl.com/5cwnw7sm,No DOI available for auto-paper-harvester API download.
DOI0781,REF0634,Environmental public health (quality of piped drinking water) regulations 2008,,,,,no_resolved_doi,no,,0,,,,,https://www.nea.gov.sg/docs/default-source/our-services/environmental-public-health-(quality-of-piped-drinking-water)-regulations-(210-kb).pdf; https://tinyurl.com/5ytxc4u8; http://www.nea.gov.sg/docs/default-source/public-health/code-of-practice-on-piped-drinking-water-sampling-and-safety-plans.pdf?sfvrsn=2,No DOI available for auto-paper-harvester API download.
DOI0782,REF0635,"Australian Drinking Water Guidelines 6 2011, Version 3.8 Updated September 2022",10.26782/jmcms.spl.10/2020.06.00048,10.26782/jmcms.spl.10/2020.06.00048,original,https://doi.org/10.26782/jmcms.spl.10/2020.06.00048,not_downloaded,yes,/mnt/d/paper_data/pdf/Water/harvester_downloads/10.26782_jmcms.spl.10_2020.06.00048,0,,,,,https://www.nhmrc.gov.au/about-us/publications/australian-drinking-water-guidelines#block-views-block-file-attachments-content-block-1; https://tinyurl.com/mr3jhvyb; http://pandora.nla.gov.au/pan/130652/20111205-1026/www.nhmrc.gov.au/_files_nhmrc/publications/attachments/eh52_aust_drinking_water_guidelines.pdf,Downloader produced no success/failure entry for this DOI.
DOI0783,REF0636,Norma Técnica Ecuatoriana NTE INEN 1 108:2011Agua Potable Requisitos. Quinta revision 2014,,,,,no_resolved_doi,no,,0,,,,,https://www.normalizacion.gob.ec/buzon/normas/nte_inen_1108-5.pdf; https://tinyurl.com/y3yr4dfc,No DOI available for auto-paper-harvester API download.
DOI0784,REF0637,"[Rulebook on the hygienic suitability of drinking water: 42/1998-4, 44/1999-19, 28/2019-114]. Правилник о хигијенској исправности воде за пиће: 42/1998-4, 44/1999-19, 28/2019-114",,,,,no_resolved_doi,no,,0,,,,,https://www.pravno-informacioni-sistem.rs/SlGlasnikPortal/eli/rep/slsrj/ministarstva/pravilnik/1998/42/2/reg; https://tinyurl.com/24dhns35,No DOI available for auto-paper-harvester API download.
DOI0785,REF0638,[Drinking water quality standards currently (2010) in force in Haiti.] Normes de qualité de l’eau de boisson actuellement (2010) en vigueur en Haiti,,,,,no_resolved_doi,no,,0,,,,,https://www.pseau.org/outils/ouvrages/dinepa_normes_qualite_de_leau_haiti_fr.pdf; https://tinyurl.com/yc7w8w9e,No DOI available for auto-paper-harvester API download.
DOI0786,REF0639,"[Joint order n° 0019/MAHRH/MS of 05 April 2005.] ""Arrêté conjoint n° 0019/MAHRH/MS du 05 avril 2005.""",,,,,no_resolved_doi,no,,0,,,,,https://www.pseau.org/sites/default/files/arrete_qlte_eau_bf.pdf; https://tinyurl.com/3amr3r2u,No DOI available for auto-paper-harvester API download.
DOI0787,REF0641,[REGULATION drinking water 2001] Reglugerd um neysluvatn 2001,,,,,no_resolved_doi,no,,0,,,,,https://www.reglugerd.is/media/vidhengi/nr%20536%202001.doc; https://tinyurl.com/5xfw4p4s; http://www.stjornartidindi.is/DocumentActions.aspx?ActionType=Open&documentID=CAE835C0-0BBD-4AA8-92E3-236A9A6BD08A,No DOI available for auto-paper-harvester API download.
DOI0788,REF0642,"[Entire legal regulation for drinking water ordinance, version of 29.10.2022] ""Gesamte Rechtsvorschrift für Trinkwasserverordnung, Fassung vom 29.10.2022""",,,,,no_resolved_doi,no,,0,,,,,https://www.ris.bka.gv.at/GeltendeFassung.wxe?Abfrage=Bundesnormen&Gesetzesnummer=20001483; https://tinyurl.com/2p84c2n5; https://www.ris.bka.gv.at/Dokumente/BgblPdf/2001_304_2/2001_304_2.pdf,No DOI available for auto-paper-harvester API download.
DOI0789,REF0643,Normas Sanitaias de Calidad del Agua potable 1998,,,,,no_resolved_doi,no,,0,,,,,https://www.safeintl.com/descargas/NORMAS-SANITARIAS-DE-CALIDAD-DEL-AGUA-POTABLE.pdf; https://tinyurl.com/ydtkry5k,No DOI available for auto-paper-harvester API download.
DOI0790,REF0646,"Modificacion a la Norma Oficial Mexicana NOM-127-SSA1-1994, Salud ambiental: Agua para uso y consumo humano. Límites permisibles de calidad y tratamientos a que debe someterse el agua para su potabilización 2000",,,,,no_resolved_doi,no,,0,,,,,https://www.ucol.mx/content/cms/13/file/NOM/Nom-127-ssa1-1994.pdf; https://tinyurl.com/yc5vhtp6; http://www.bvsde.paho.org/legislacion/mexico/nom-127-ssai.pdf,No DOI available for auto-paper-harvester API download.
DOI0791,REF0647,"Technical Regulation. Water-Drinking water- Standard specification no. 286/2015. JS 286:20185, Sixth Edition.",,,,,no_resolved_doi,no,,0,,,,,https://www.unhcr.org/jo/wp-content/uploads/sites/60/2019/08/Annex-A-1-Technical-Regulation-of-Jordan-Standards-and-Metrology-Organization.pdf; https://tinyurl.com/tucrxt2j,No DOI available for auto-paper-harvester API download.
DOI0792,REF0648,Minister’s Decision on Water Quality Standard Management for Drinking Water and Domestic Use. No. 561/MOH (2014),,,,,no_resolved_doi,no,,0,,,,,https://www.wepa-db.net/policies/law/laos/standards.htm#01,No DOI available for auto-paper-harvester API download.
DOI0793,REF0649,Potable Water - Specification. Rwanda Standard RS435:2009 Rev 1:2011,,,,,no_resolved_doi,no,,0,,,,,https://www.who.int/publications/i/item/9789240023642,No DOI available for auto-paper-harvester API download.
DOI0794,REF0650,Guidelines for Drinking-water Quality. World Health Organization 2011,,,,,no_resolved_doi,no,,0,,,,,https://www.who.int/publications/i/item/9789240045064; https://tinyurl.com/4av462b7,No DOI available for auto-paper-harvester API download.
DOI0795,REF0651,National Standards for Drinking Water Quality,,,,,no_resolved_doi,no,,0,,,,,https://www.yumpu.com/en/document/view/50464722/national-standards-for-drinking-water-quality-pakistan-; https://tinyurl.com/yc2y8452; http://environment.gov.pk/NEQS/SRO-2010-NEQS%20Air-Water-Noise.pdf,No DOI available for auto-paper-harvester API download.
DOI0796,REF0652,Water Research 2023 - THM global assessment,,,,,no_resolved_doi,no,,0,,,,,,No DOI available for auto-paper-harvester API download.
