source_reference_short,time_period_group,matched_full_reference,matched_title_from_docx,matched_doi,matched_url,doi_match_status,local_pdf_found,local_pdf_path,zotero_match_path,resolution_method,notes
"Jordan and Frank, 1999",pre_2010,,Trifluoroacetate in the environment. Evidence for sources other than HFC/HCFCs,10.1021/es980674y,https://doi.org/10.1021/es980674y,matched_from_docx,yes,,/mnt/c/Users/Administrator/Zotero/storage/8W3C9V76/Jordan和Frank - 1999 - Trifluoroacetate in the Environment. Evidence for Sources Other Than HFCHCFCs.pdf,docx_only,local PDF found in Zotero
"Zhai, 2015",post_2010,"Zhai, Z.; Wu, J.; Hu, X.; Li, L.; Guo, J.; Zhang, B.; Hu, J.; Zhang, J. A 17-Fold Increase of Trifluoroacetic Acid in Landscape Waters of Beijing, China during the Last Decade. Chemosphere 2015, 129, 110−117.","A 17-fold increase of trifluoroacetic acid in landscape waters of Beijing, China during the last decade",10.1016/j.chemosphere.2014.09.033,https://doi.org/10.1016/j.chemosphere.2014.09.033,matched_from_pdf_reference_and_docx,yes,/mnt/c/Users/Administrator/codex/projects/tfa_est_rebuild/downloaded_papers/Zhai_2015_Beijing.pdf,,pdf_reference+docx,local PDF found in downloaded_papers.zip
"Wujcik, 1999",pre_2010,,Determination of trifluoroacetic acid in 1996-1997 precipitation and surface waters in California and Nevada,10.1021/es980697c,https://doi.org/10.1021/es980697c,matched_from_docx,yes,,/mnt/c/Users/Administrator/Zotero/storage/R236WWLD/Wujcik 等 - 1999 - Determination of Trifluoroacetic Acid in 1996−1997 Precipitation and Surface Waters in California an.pdf,docx_only,local PDF found in Zotero
"Yeung, 2017",post_2010,,,,,no_match_in_docx,no,,,unresolved,multiple years
"Wujcik, 1999",pre_2010,,Determination of trifluoroacetic acid in 1996-1997 precipitation and surface waters in California and Nevada,10.1021/es980697c,https://doi.org/10.1021/es980697c,matched_from_docx,yes,,/mnt/c/Users/Administrator/Zotero/storage/R236WWLD/Wujcik 等 - 1999 - Determination of Trifluoroacetic Acid in 1996−1997 Precipitation and Surface Waters in California an.pdf,docx_only,local PDF found in Zotero
"Chen, 2018",post_2010,"Chen, H.; Yao, Y.; Zhao, Z.; Wang, Y.; Wang, Q.; Ren, C.; Wang, B.; Sun, H.; Alder, A. C.; Kannan, K. Multimedia Distribution and Transfer of Per- and Polyfluoroalkyl Substances (PFASs) Surrounding Two Fluorochemical Manufacturing Facilities in Fuxin, China. Environ. Sci. Technol. 2018, 52 (15), 8263−8271. 19931 https://doi.org/","Multimedia Distribution and Transfer of Per- and Polyfluoroalkyl Substances (PFASs) Surrounding Two Fluorochemical Manufacturing Facilities in Fuxin, China",10.1021/acs.est.8b00544,https://doi.org/10.1021/acs.est.8b00544,matched_from_pdf_reference_and_docx,yes,,/mnt/c/Users/Administrator/Zotero/storage/LIC3BTYS/Chen 等 - 2018 - Multimedia Distribution and Transfer of Per- and Polyfluoroalkyl Substances (PFASs) Surrounding Two.pdf,pdf_reference+docx,local PDF found in Zotero
"Wujcik, 1999",pre_2010,,Determination of trifluoroacetic acid in 1996-1997 precipitation and surface waters in California and Nevada,10.1021/es980697c,https://doi.org/10.1021/es980697c,matched_from_docx,yes,,/mnt/c/Users/Administrator/Zotero/storage/R236WWLD/Wujcik 等 - 1999 - Determination of Trifluoroacetic Acid in 1996−1997 Precipitation and Surface Waters in California an.pdf,docx_only,local PDF found in Zotero
"Chen, 2019",post_2010,"Zhang, L.; Sun, H.; Wang, Q.; Chen, H.; Yao, Y.; Zhao, Z.; Alder, A. C. Uptake Mechanisms of Perfluoroalkyl Acids with Different Carbon Chain Lengths (C2-C8) by Wheat (Triticum Acstivnm L.). Sci. Total Environ. 2019, 654, 19−27. 19932 https://doi.org/",,,,no_match_in_docx,no,,,unresolved,
"Berg, 2000",pre_2010,,Concentrations and Mass Fluxes of Chloroacetic Acids and Trifluoroacetic Acid in Rain and Natural Waters in Switzerland,10.1021/es990855f,https://doi.org/10.1021/es990855f,matched_from_docx,yes,,/mnt/c/Users/Administrator/Zotero/storage/CGBDY3YN/Von Sydow 等 - 2000 - Natural Background Levels of Trifluoroacetate in Rain and Snow.pdf,docx_only,reported as <3; local PDF found in Zotero
"Freeling, 2020",post_2010,"Freeling, F.; Behringer, D.; Heydel, F.; Scheurer, M.; Ternes, T. A.; Nödler, K. Trifluoroacetate in Precipitation: Deriving a Benchmark Data Set. Environ. Sci. Technol. 2020, 54 (18), 11210−11219.",Trifluoroacetate in Precipitation: Deriving a Benchmark Data Set,10.1021/acs.est.0c02910,https://doi.org/10.1021/acs.est.0c02910,matched_from_pdf_reference_and_docx,yes,,/mnt/c/Users/Administrator/Zotero/storage/CA3LJQAB/Freeling 等 - 2020 - Trifluoroacetate in Precipitation Deriving a Benchmark Data Set.pdf,pdf_reference+docx,reported as <25; local PDF found in Zotero
"von Sydow, 2000",pre_2010,,Natural background levels of trifluoroacetate in rain and snow,10.1021/es9913683,https://doi.org/10.1021/es9913683,matched_from_docx,yes,,/mnt/c/Users/Administrator/Zotero/storage/CGBDY3YN/Von Sydow 等 - 2000 - Natural Background Levels of Trifluoroacetate in Rain and Snow.pdf,docx_only,local PDF found in Zotero
"Pike, 2021",post_2010,"Pike, K. A.; Edmiston, P. L.; Morrison, J. J.; Faust, J. A. Correlation Analysis of Perfluoroalkyl Substances in Regional U.S. Precipitation Events. Water Res. 2021, 190, No. 116685.",Correlation Analysis of Perfluoroalkyl Substances in Regional U.S. Precipitation Events,10.1016/j.watres.2020.116685,https://doi.org/10.1016/j.watres.2020.116685,matched_from_pdf_reference_and_docx,yes,,/mnt/c/Users/Administrator/Zotero/storage/CGZAA9TH/Si 等 - 2021 - Occurrence and Ecological Risk Assessment of Perfluoroalkyl Substances (PFASs) in Water and Sediment.pdf,pdf_reference+docx,local PDF found in Zotero
"von Sydow, 2000",pre_2010,,Natural background levels of trifluoroacetate in rain and snow,10.1021/es9913683,https://doi.org/10.1021/es9913683,matched_from_docx,yes,,/mnt/c/Users/Administrator/Zotero/storage/CGBDY3YN/Von Sydow 等 - 2000 - Natural Background Levels of Trifluoroacetate in Rain and Snow.pdf,docx_only,local PDF found in Zotero
"Bjornsdotter, 2022",post_2010,,,,,no_match_in_docx,no,,,unresolved,
"von Sydow, 2000",pre_2010,,Natural background levels of trifluoroacetate in rain and snow,10.1021/es9913683,https://doi.org/10.1021/es9913683,matched_from_docx,yes,,/mnt/c/Users/Administrator/Zotero/storage/CGBDY3YN/Von Sydow 等 - 2000 - Natural Background Levels of Trifluoroacetate in Rain and Snow.pdf,docx_only,local PDF found in Zotero
"von Sydow, 2000",pre_2010,,Natural background levels of trifluoroacetate in rain and snow,10.1021/es9913683,https://doi.org/10.1021/es9913683,matched_from_docx,yes,,/mnt/c/Users/Administrator/Zotero/storage/CGBDY3YN/Von Sydow 等 - 2000 - Natural Background Levels of Trifluoroacetate in Rain and Snow.pdf,docx_only,multiple years; local PDF found in Zotero
"von Sydow, 2000",pre_2010,,Natural background levels of trifluoroacetate in rain and snow,10.1021/es9913683,https://doi.org/10.1021/es9913683,matched_from_docx,yes,,/mnt/c/Users/Administrator/Zotero/storage/CGBDY3YN/Von Sydow 等 - 2000 - Natural Background Levels of Trifluoroacetate in Rain and Snow.pdf,docx_only,local PDF found in Zotero
"Scheurer, 2017",post_2010,"Scheurer, M.; Nödler, K.; Freeling, F.; Janda, J.; Happel, O.; Riegel, M.; Müller, U.; Storck, F. R.; Fleig, M.; Lange, F. T.; Brunsch, A.; Brauch, H. J. Small, Mobile, Persistent: Trifluoroacetate in the Water Cycle − Overlooked Sources, Pathways, and Consequences for Drinking Water Supply. Water Res. 2017, 126, 460−471.","Small, mobile, persistent: Trifluoroacetate in the water cycle – Overlooked sources, pathways, and consequences for drinking water supply",10.1016/j.watres.2017.09.045,https://doi.org/10.1016/j.watres.2017.09.045,matched_from_pdf_reference_and_docx,yes,,"/mnt/c/Users/Administrator/Zotero/storage/BWUPHXY7/Neuwald 等 - 2022 - Ultra-Short-Chain PFASs in the Sources of German Drinking Water Prevalent, Overlooked, Difficult to.pdf",pdf_reference+docx,multiple years; local PDF found in Zotero
"von Sydow, 2000",pre_2010,,Natural background levels of trifluoroacetate in rain and snow,10.1021/es9913683,https://doi.org/10.1021/es9913683,matched_from_docx,yes,,/mnt/c/Users/Administrator/Zotero/storage/CGBDY3YN/Von Sydow 等 - 2000 - Natural Background Levels of Trifluoroacetate in Rain and Snow.pdf,docx_only,local PDF found in Zotero
"Yeung, 2017",post_2010,,,,,no_match_in_docx,no,,,unresolved,reported as <10; multiple years
"Cahill, 2001",pre_2010,"Cahill, T. M.; Thomas, C. M.; Schwarzbach, S. E.; Seiber, J. N. Accumulation of Trifluoroacetate in Seasonal Wetlands in California. Environ. Sci. Technol. 2001, 35 (5), 820−825.",Accumulation of trifluoroacetate in seasonal wetlands in California,10.1021/es0013982,https://doi.org/10.1021/es0013982,matched_from_pdf_reference_and_docx,yes,,/mnt/c/Users/Administrator/Zotero/storage/CNDE28GV/Cahill - 2022 - Increases in Trifluoroacetate Concentrations in Surface Waters over Two Decades.pdf,pdf_reference+docx,local PDF found in Zotero
"Chen, 2018",post_2010,"Chen, H.; Yao, Y.; Zhao, Z.; Wang, Y.; Wang, Q.; Ren, C.; Wang, B.; Sun, H.; Alder, A. C.; Kannan, K. Multimedia Distribution and Transfer of Per- and Polyfluoroalkyl Substances (PFASs) Surrounding Two Fluorochemical Manufacturing Facilities in Fuxin, China. Environ. Sci. Technol. 2018, 52 (15), 8263−8271. 19931 https://doi.org/","Multimedia Distribution and Transfer of Per- and Polyfluoroalkyl Substances (PFASs) Surrounding Two Fluorochemical Manufacturing Facilities in Fuxin, China",10.1021/acs.est.8b00544,https://doi.org/10.1021/acs.est.8b00544,matched_from_pdf_reference_and_docx,yes,,/mnt/c/Users/Administrator/Zotero/storage/LIC3BTYS/Chen 等 - 2018 - Multimedia Distribution and Transfer of Per- and Polyfluoroalkyl Substances (PFASs) Surrounding Two.pdf,pdf_reference+docx,local PDF found in Zotero
"Rompp, 2001",pre_2010,,Haloacetates in fog and rain,10.1021/es0012220,https://doi.org/10.1021/es0012220,matched_from_docx,yes,,/mnt/c/Users/Administrator/Zotero/storage/67P5X27D/Römpp 等 - 2001 - Haloacetates in Fog and Rain.pdf,docx_only,local PDF found in Zotero
"Bjornsdotter, 2019",post_2010,,,,,no_match_in_docx,no,,,unresolved,reported as <34; multiple years
"Zhang, 2005",pre_2010,"Zhang, J.; Zhang, Y.; Li, J.; Hu, J.; Ye, P.; Zeng, Z. Monitoring of Trifluoroacetic Acid Concentration in Environmental Waters in China. Water Res. 2005, 39 (7), 1331−1339.",Monitoring of trifluoroacetic acid concentration in environmental waters in China,10.1016/j.watres.2004.12.043,https://doi.org/10.1016/j.watres.2004.12.043,matched_from_pdf_reference_and_docx,yes,,/mnt/c/Users/Administrator/Zotero/storage/62RBHVHJ/Zhang 等 - 2017 - Occurrence and distribution of antibiotics in multiple environmental media of the East River (Dongji.pdf,pdf_reference+docx,multiple years; local PDF found in Zotero
"Bjornsdotter, 2019",post_2010,,,,,no_match_in_docx,no,,,unresolved,reported as <34; multiple years
"Zhang, 2005",pre_2010,"Zhang, J.; Zhang, Y.; Li, J.; Hu, J.; Ye, P.; Zeng, Z. Monitoring of Trifluoroacetic Acid Concentration in Environmental Waters in China. Water Res. 2005, 39 (7), 1331−1339.",Monitoring of trifluoroacetic acid concentration in environmental waters in China,10.1016/j.watres.2004.12.043,https://doi.org/10.1016/j.watres.2004.12.043,matched_from_pdf_reference_and_docx,yes,,/mnt/c/Users/Administrator/Zotero/storage/62RBHVHJ/Zhang 等 - 2017 - Occurrence and distribution of antibiotics in multiple environmental media of the East River (Dongji.pdf,pdf_reference+docx,local PDF found in Zotero
"Janda, 2019",post_2010,"Janda, J.; Nödler, K.; Brauch, H. J.; Zwiener, C.; Lange, F. T. Robust Trace Analysis of Polar (C2-C8) Perfluorinated Carboxylic Acids by Liquid Chromatography-Tandem Mass Spectrometry: Method Development and Application to Surface Water, Groundwater and Drinking Water. Environmental Science and Pollution Research 2019, 26 (8), 7326−7336.","Robust trace analysis of polar (C2-C8) perfluorinated carboxylic acids by liquid chromatography-tandem mass spectrometry: method development and application to surface water, groundwater and drinking water",10.1007/s11356-018-1731-x,https://doi.org/10.1007/s11356-018-1731-x,matched_from_pdf_reference_and_docx,yes,,/mnt/c/Users/Administrator/Zotero/storage/VIXAM6VG/Janda 等 - 2019 - Robust trace analysis of polar (C2-C8) perfluorinated carboxylic acids by liquid chromatography-tand.pdf,pdf_reference+docx,local PDF found in Zotero
"Zhang, 2005",pre_2010,"Zhang, J.; Zhang, Y.; Li, J.; Hu, J.; Ye, P.; Zeng, Z. Monitoring of Trifluoroacetic Acid Concentration in Environmental Waters in China. Water Res. 2005, 39 (7), 1331−1339.",Monitoring of trifluoroacetic acid concentration in environmental waters in China,10.1016/j.watres.2004.12.043,https://doi.org/10.1016/j.watres.2004.12.043,matched_from_pdf_reference_and_docx,yes,,/mnt/c/Users/Administrator/Zotero/storage/62RBHVHJ/Zhang 等 - 2017 - Occurrence and distribution of antibiotics in multiple environmental media of the East River (Dongji.pdf,pdf_reference+docx,local PDF found in Zotero
"Xie, 2020",post_2010,"Xie, G.; Cui, J.; Zhai, Z.; Zhang, J. Distribution Characteristics of Trifluoroacetic Acid in the Environments Surrounding Fluorochemical Production Plants in Jinan, China. Environmental Science and Pollution Research 2020, 27 (1), 983−991.","Distribution characteristics of trifluoroacetic acid in the environments surrounding fluorochemical production plants in Jinan, China",10.1007/s11356-019-06689-4,https://doi.org/10.1007/s11356-019-06689-4,matched_from_pdf_reference_and_docx,yes,,/mnt/c/Users/Administrator/Zotero/storage/GKC78DCT/Xie 等 - 2020 - Distribution characteristics of trifluoroacetic acid in the environments surrounding fluorochemical.pdf,pdf_reference+docx,local PDF found in Zotero
"Scott, 2005",pre_2010,"Scott, B. F.; Spencer, C.; Martin, J. W.; Barra, R.; Bootsma, H. A.; Jones, K. C.; Johnston, A. E.; Muir, D. C. G. Comparison of Haloacetic Acids in the Environment of the Northern and Southern Hemispheres. Environ. Sci. Technol. 2005, 39 (22), 8664−8670.",Comparison of haloacetic acids in the environment of the Northern and Southern Hemispheres,10.1021/es050118l,https://doi.org/10.1021/es050118l,matched_from_pdf_reference_and_docx,yes,,/mnt/c/Users/Administrator/Zotero/storage/JPY77LKQ/Scott 等 - 2005 - Comparison of Haloacetic Acids in the Environment of the Northern and Southern Hemispheres.pdf,pdf_reference+docx,local PDF found in Zotero
"Bjornsdotter, 2022",post_2010,,,,,no_match_in_docx,no,,,unresolved,reported as <0.1
"Scott, 2005",pre_2010,"Scott, B. F.; Spencer, C.; Martin, J. W.; Barra, R.; Bootsma, H. A.; Jones, K. C.; Johnston, A. E.; Muir, D. C. G. Comparison of Haloacetic Acids in the Environment of the Northern and Southern Hemispheres. Environ. Sci. Technol. 2005, 39 (22), 8664−8670.",Comparison of haloacetic acids in the environment of the Northern and Southern Hemispheres,10.1021/es050118l,https://doi.org/10.1021/es050118l,matched_from_pdf_reference_and_docx,yes,,/mnt/c/Users/Administrator/Zotero/storage/JPY77LKQ/Scott 等 - 2005 - Comparison of Haloacetic Acids in the Environment of the Northern and Southern Hemispheres.pdf,pdf_reference+docx,local PDF found in Zotero
"Cahill, 2022",post_2010,"Cahill, T. M. Increases in Trifluoroacetate Concentrations in Surface Waters over Two Decades. Environ. Sci. Technol. 2022, 56 (13), 9428−9434.",Increases in Trifluoroacetate Concentrations in Surface Waters over Two Decades,10.1021/acs.est.2c01826,https://doi.org/10.1021/acs.est.2c01826,matched_from_pdf_reference_and_docx,yes,,/mnt/c/Users/Administrator/Zotero/storage/CNDE28GV/Cahill - 2022 - Increases in Trifluoroacetate Concentrations in Surface Waters over Two Decades.pdf,pdf_reference+docx,local PDF found in Zotero
"Scott, 2005",pre_2010,"Scott, B. F.; Spencer, C.; Martin, J. W.; Barra, R.; Bootsma, H. A.; Jones, K. C.; Johnston, A. E.; Muir, D. C. G. Comparison of Haloacetic Acids in the Environment of the Northern and Southern Hemispheres. Environ. Sci. Technol. 2005, 39 (22), 8664−8670.",Comparison of haloacetic acids in the environment of the Northern and Southern Hemispheres,10.1021/es050118l,https://doi.org/10.1021/es050118l,matched_from_pdf_reference_and_docx,yes,,/mnt/c/Users/Administrator/Zotero/storage/JPY77LKQ/Scott 等 - 2005 - Comparison of Haloacetic Acids in the Environment of the Northern and Southern Hemispheres.pdf,pdf_reference+docx,local PDF found in Zotero
"Neuwald, 2021",post_2010,"Neuwald, I. J.; Hübner, D.; Wiegand, H. L.; Valkov, V.; Borchers, U.; Nödler, K.; Scheurer, M.; Hale, S. E.; Arp, H. P. H.; Zahn, D. Ultra-Short-Chain PFASs in the Sources of German Drinking Water: Prevalent, Overlooked, Difficult to Remove, and Unregulated. Environ. Sci. Technol. 2022, 56, 6380.","Ultra-Short-Chain PFASs in the Sources of German Drinking Water: Prevalent, Overlooked, Difficult to Remove, and Unregulated",10.1021/acs.est.1c07949,https://doi.org/10.1021/acs.est.1c07949,matched_from_pdf_reference_and_docx,yes,,"/mnt/c/Users/Administrator/Zotero/storage/BWUPHXY7/Neuwald 等 - 2022 - Ultra-Short-Chain PFASs in the Sources of German Drinking Water Prevalent, Overlooked, Difficult to.pdf",pdf_reference+docx,local PDF found in Zotero
"Scott, 2005",pre_2010,"Scott, B. F.; Spencer, C.; Martin, J. W.; Barra, R.; Bootsma, H. A.; Jones, K. C.; Johnston, A. E.; Muir, D. C. G. Comparison of Haloacetic Acids in the Environment of the Northern and Southern Hemispheres. Environ. Sci. Technol. 2005, 39 (22), 8664−8670.",Comparison of haloacetic acids in the environment of the Northern and Southern Hemispheres,10.1021/es050118l,https://doi.org/10.1021/es050118l,matched_from_pdf_reference_and_docx,yes,,/mnt/c/Users/Administrator/Zotero/storage/JPY77LKQ/Scott 等 - 2005 - Comparison of Haloacetic Acids in the Environment of the Northern and Southern Hemispheres.pdf,pdf_reference+docx,local PDF found in Zotero
"Neuwald, 2021",post_2010,"Neuwald, I. J.; Hübner, D.; Wiegand, H. L.; Valkov, V.; Borchers, U.; Nödler, K.; Scheurer, M.; Hale, S. E.; Arp, H. P. H.; Zahn, D. Ultra-Short-Chain PFASs in the Sources of German Drinking Water: Prevalent, Overlooked, Difficult to Remove, and Unregulated. Environ. Sci. Technol. 2022, 56, 6380.","Ultra-Short-Chain PFASs in the Sources of German Drinking Water: Prevalent, Overlooked, Difficult to Remove, and Unregulated",10.1021/acs.est.1c07949,https://doi.org/10.1021/acs.est.1c07949,matched_from_pdf_reference_and_docx,yes,,"/mnt/c/Users/Administrator/Zotero/storage/BWUPHXY7/Neuwald 等 - 2022 - Ultra-Short-Chain PFASs in the Sources of German Drinking Water Prevalent, Overlooked, Difficult to.pdf",pdf_reference+docx,local PDF found in Zotero
"Scott, 2005",pre_2010,"Scott, B. F.; Spencer, C.; Martin, J. W.; Barra, R.; Bootsma, H. A.; Jones, K. C.; Johnston, A. E.; Muir, D. C. G. Comparison of Haloacetic Acids in the Environment of the Northern and Southern Hemispheres. Environ. Sci. Technol. 2005, 39 (22), 8664−8670.",Comparison of haloacetic acids in the environment of the Northern and Southern Hemispheres,10.1021/es050118l,https://doi.org/10.1021/es050118l,matched_from_pdf_reference_and_docx,yes,,/mnt/c/Users/Administrator/Zotero/storage/JPY77LKQ/Scott 等 - 2005 - Comparison of Haloacetic Acids in the Environment of the Northern and Southern Hemispheres.pdf,pdf_reference+docx,local PDF found in Zotero
"Scott, 2005",pre_2010,"Scott, B. F.; Spencer, C.; Martin, J. W.; Barra, R.; Bootsma, H. A.; Jones, K. C.; Johnston, A. E.; Muir, D. C. G. Comparison of Haloacetic Acids in the Environment of the Northern and Southern Hemispheres. Environ. Sci. Technol. 2005, 39 (22), 8664−8670.",Comparison of haloacetic acids in the environment of the Northern and Southern Hemispheres,10.1021/es050118l,https://doi.org/10.1021/es050118l,matched_from_pdf_reference_and_docx,yes,,/mnt/c/Users/Administrator/Zotero/storage/JPY77LKQ/Scott 等 - 2005 - Comparison of Haloacetic Acids in the Environment of the Northern and Southern Hemispheres.pdf,pdf_reference+docx,reported as n.d.; local PDF found in Zotero
"Scott, 2006",pre_2010,,Poly and perfluorinated carboxylates in north American precipitation,10.1021/es061403n,https://doi.org/10.1021/es061403n,matched_from_docx,yes,,/mnt/c/Users/Administrator/Zotero/storage/4YEI6MNJ/Scott 等 - 2006 - Poly and Perfluorinated Carboxylates in North American Precipitation.pdf,docx_only,multiple years; local PDF found in Zotero
"Zhai, 2015",post_2010,"Zhai, Z.; Wu, J.; Hu, X.; Li, L.; Guo, J.; Zhang, B.; Hu, J.; Zhang, J. A 17-Fold Increase of Trifluoroacetic Acid in Landscape Waters of Beijing, China during the Last Decade. Chemosphere 2015, 129, 110−117.","A 17-fold increase of trifluoroacetic acid in landscape waters of Beijing, China during the last decade",10.1016/j.chemosphere.2014.09.033,https://doi.org/10.1016/j.chemosphere.2014.09.033,matched_from_pdf_reference_and_docx,yes,/mnt/c/Users/Administrator/codex/projects/tfa_est_rebuild/downloaded_papers/Zhai_2015_Beijing.pdf,,pdf_reference+docx,local PDF found in downloaded_papers.zip
"Scott, 2006",pre_2010,,Poly and perfluorinated carboxylates in north American precipitation,10.1021/es061403n,https://doi.org/10.1021/es061403n,matched_from_docx,yes,,/mnt/c/Users/Administrator/Zotero/storage/4YEI6MNJ/Scott 等 - 2006 - Poly and Perfluorinated Carboxylates in North American Precipitation.pdf,docx_only,local PDF found in Zotero
"Bjornsdotter, 2019",post_2010,,,,,no_match_in_docx,no,,,unresolved,reported as <34; multiple years
"Scott, 2006",pre_2010,,Poly and perfluorinated carboxylates in north American precipitation,10.1021/es061403n,https://doi.org/10.1021/es061403n,matched_from_docx,yes,,/mnt/c/Users/Administrator/Zotero/storage/4YEI6MNJ/Scott 等 - 2006 - Poly and Perfluorinated Carboxylates in North American Precipitation.pdf,docx_only,multiple years; local PDF found in Zotero
"Xie, 2020",post_2010,"Xie, G.; Cui, J.; Zhai, Z.; Zhang, J. Distribution Characteristics of Trifluoroacetic Acid in the Environments Surrounding Fluorochemical Production Plants in Jinan, China. Environmental Science and Pollution Research 2020, 27 (1), 983−991.","Distribution characteristics of trifluoroacetic acid in the environments surrounding fluorochemical production plants in Jinan, China",10.1007/s11356-019-06689-4,https://doi.org/10.1007/s11356-019-06689-4,matched_from_pdf_reference_and_docx,yes,,/mnt/c/Users/Administrator/Zotero/storage/GKC78DCT/Xie 等 - 2020 - Distribution characteristics of trifluoroacetic acid in the environments surrounding fluorochemical.pdf,pdf_reference+docx,local PDF found in Zotero
"Taniyasu, 2008",pre_2010,,,,,no_match_in_docx,no,,,unresolved,
"Bjornsdotter, 2022",post_2010,,,,,no_match_in_docx,no,,,unresolved,
"Wang, 2014",pre_2010,,"Rainwater trifluoroacetic acid (TFA) in Guangzhou, South China: Levels, wet deposition fluxes and source implication",10.1016/j.scitotenv.2013.08.055,https://doi.org/10.1016/j.scitotenv.2013.08.055,matched_from_docx,yes,,/mnt/c/Users/Administrator/Zotero/storage/83XNHRKC/Wang 等 - 2022 - Per- and Polyfluoroalkyl Substances in Outdoor and Indoor Dust from Mainland China Contributions of.pdf,docx_only,local PDF found in Zotero
"Pickard, 2020",post_2010,,,,,no_match_in_docx,no,,,unresolved,
"Jordan and Frank, 1999",pre_2010,,Trifluoroacetate in the environment. Evidence for sources other than HFC/HCFCs,10.1021/es980674y,https://doi.org/10.1021/es980674y,matched_from_docx,yes,,/mnt/c/Users/Administrator/Zotero/storage/8W3C9V76/Jordan和Frank - 1999 - Trifluoroacetate in the Environment. Evidence for Sources Other Than HFCHCFCs.pdf,docx_only,local PDF found in Zotero
"Pickard, 2020",post_2010,,,,,no_match_in_docx,no,,,unresolved,
"Jordan and Frank, 1999",pre_2010,,Trifluoroacetate in the environment. Evidence for sources other than HFC/HCFCs,10.1021/es980674y,https://doi.org/10.1021/es980674y,matched_from_docx,yes,,/mnt/c/Users/Administrator/Zotero/storage/8W3C9V76/Jordan和Frank - 1999 - Trifluoroacetate in the Environment. Evidence for Sources Other Than HFCHCFCs.pdf,docx_only,local PDF found in Zotero
"Pickard, 2020",post_2010,,,,,no_match_in_docx,no,,,unresolved,
"Jordan and Frank, 1999",pre_2010,,Trifluoroacetate in the environment. Evidence for sources other than HFC/HCFCs,10.1021/es980674y,https://doi.org/10.1021/es980674y,matched_from_docx,yes,,/mnt/c/Users/Administrator/Zotero/storage/8W3C9V76/Jordan和Frank - 1999 - Trifluoroacetate in the Environment. Evidence for Sources Other Than HFCHCFCs.pdf,docx_only,local PDF found in Zotero
"Pickard, 2020",post_2010,,,,,no_match_in_docx,no,,,unresolved,reported as <0.37
"Jordan and Frank, 1999",pre_2010,,Trifluoroacetate in the environment. Evidence for sources other than HFC/HCFCs,10.1021/es980674y,https://doi.org/10.1021/es980674y,matched_from_docx,yes,,/mnt/c/Users/Administrator/Zotero/storage/8W3C9V76/Jordan和Frank - 1999 - Trifluoroacetate in the Environment. Evidence for Sources Other Than HFCHCFCs.pdf,docx_only,local PDF found in Zotero
"Wujcik, 1999",pre_2010,,Determination of trifluoroacetic acid in 1996-1997 precipitation and surface waters in California and Nevada,10.1021/es980697c,https://doi.org/10.1021/es980697c,matched_from_docx,yes,,/mnt/c/Users/Administrator/Zotero/storage/R236WWLD/Wujcik 等 - 1999 - Determination of Trifluoroacetic Acid in 1996−1997 Precipitation and Surface Waters in California an.pdf,docx_only,local PDF found in Zotero
"Wujcik, 1999",pre_2010,,Determination of trifluoroacetic acid in 1996-1997 precipitation and surface waters in California and Nevada,10.1021/es980697c,https://doi.org/10.1021/es980697c,matched_from_docx,yes,,/mnt/c/Users/Administrator/Zotero/storage/R236WWLD/Wujcik 等 - 1999 - Determination of Trifluoroacetic Acid in 1996−1997 Precipitation and Surface Waters in California an.pdf,docx_only,local PDF found in Zotero
"Bjornsdotter, 2019",post_2010,,,,,no_match_in_docx,no,,,unresolved,reported as <34; multiple years
"Berg, 2000",pre_2010,,Concentrations and Mass Fluxes of Chloroacetic Acids and Trifluoroacetic Acid in Rain and Natural Waters in Switzerland,10.1021/es990855f,https://doi.org/10.1021/es990855f,matched_from_docx,yes,,/mnt/c/Users/Administrator/Zotero/storage/CGBDY3YN/Von Sydow 等 - 2000 - Natural Background Levels of Trifluoroacetate in Rain and Snow.pdf,docx_only,local PDF found in Zotero
"Janda, 2019",post_2010,"Janda, J.; Nödler, K.; Brauch, H. J.; Zwiener, C.; Lange, F. T. Robust Trace Analysis of Polar (C2-C8) Perfluorinated Carboxylic Acids by Liquid Chromatography-Tandem Mass Spectrometry: Method Development and Application to Surface Water, Groundwater and Drinking Water. Environmental Science and Pollution Research 2019, 26 (8), 7326−7336.","Robust trace analysis of polar (C2-C8) perfluorinated carboxylic acids by liquid chromatography-tandem mass spectrometry: method development and application to surface water, groundwater and drinking water",10.1007/s11356-018-1731-x,https://doi.org/10.1007/s11356-018-1731-x,matched_from_pdf_reference_and_docx,yes,,/mnt/c/Users/Administrator/Zotero/storage/VIXAM6VG/Janda 等 - 2019 - Robust trace analysis of polar (C2-C8) perfluorinated carboxylic acids by liquid chromatography-tand.pdf,pdf_reference+docx,local PDF found in Zotero
"Scott, 2002",pre_2010,,Distribution of haloacetic acids in the water columns of the Laurentian Great Lakes and Lake Malawi,10.1021/es011156h,https://doi.org/10.1021/es011156h,matched_from_docx,yes,,/mnt/c/Users/Administrator/Zotero/storage/T47TZRAY/Scott 等 - 2002 - Distribution of Haloacetic Acids in the Water Columns of the Laurentian Great Lakes and Lake Malawi.pdf,docx_only,local PDF found in Zotero
"Neuwald, 2021",post_2010,"Neuwald, I. J.; Hübner, D.; Wiegand, H. L.; Valkov, V.; Borchers, U.; Nödler, K.; Scheurer, M.; Hale, S. E.; Arp, H. P. H.; Zahn, D. Ultra-Short-Chain PFASs in the Sources of German Drinking Water: Prevalent, Overlooked, Difficult to Remove, and Unregulated. Environ. Sci. Technol. 2022, 56, 6380.","Ultra-Short-Chain PFASs in the Sources of German Drinking Water: Prevalent, Overlooked, Difficult to Remove, and Unregulated",10.1021/acs.est.1c07949,https://doi.org/10.1021/acs.est.1c07949,matched_from_pdf_reference_and_docx,yes,,"/mnt/c/Users/Administrator/Zotero/storage/BWUPHXY7/Neuwald 等 - 2022 - Ultra-Short-Chain PFASs in the Sources of German Drinking Water Prevalent, Overlooked, Difficult to.pdf",pdf_reference+docx,local PDF found in Zotero
"Zhang, 2005",pre_2010,"Zhang, J.; Zhang, Y.; Li, J.; Hu, J.; Ye, P.; Zeng, Z. Monitoring of Trifluoroacetic Acid Concentration in Environmental Waters in China. Water Res. 2005, 39 (7), 1331−1339.",Monitoring of trifluoroacetic acid concentration in environmental waters in China,10.1016/j.watres.2004.12.043,https://doi.org/10.1016/j.watres.2004.12.043,matched_from_pdf_reference_and_docx,yes,,/mnt/c/Users/Administrator/Zotero/storage/62RBHVHJ/Zhang 等 - 2017 - Occurrence and distribution of antibiotics in multiple environmental media of the East River (Dongji.pdf,pdf_reference+docx,local PDF found in Zotero
"Zhai, 2015",post_2010,"Zhai, Z.; Wu, J.; Hu, X.; Li, L.; Guo, J.; Zhang, B.; Hu, J.; Zhang, J. A 17-Fold Increase of Trifluoroacetic Acid in Landscape Waters of Beijing, China during the Last Decade. Chemosphere 2015, 129, 110−117.","A 17-fold increase of trifluoroacetic acid in landscape waters of Beijing, China during the last decade",10.1016/j.chemosphere.2014.09.033,https://doi.org/10.1016/j.chemosphere.2014.09.033,matched_from_pdf_reference_and_docx,yes,/mnt/c/Users/Administrator/codex/projects/tfa_est_rebuild/downloaded_papers/Zhai_2015_Beijing.pdf,,pdf_reference+docx,local PDF found in downloaded_papers.zip
"Jordan and Frank, 1999",pre_2010,,Trifluoroacetate in the environment. Evidence for sources other than HFC/HCFCs,10.1021/es980674y,https://doi.org/10.1021/es980674y,matched_from_docx,yes,,/mnt/c/Users/Administrator/Zotero/storage/8W3C9V76/Jordan和Frank - 1999 - Trifluoroacetate in the Environment. Evidence for Sources Other Than HFCHCFCs.pdf,docx_only,local PDF found in Zotero
"Janda, 2019",post_2010,"Janda, J.; Nödler, K.; Brauch, H. J.; Zwiener, C.; Lange, F. T. Robust Trace Analysis of Polar (C2-C8) Perfluorinated Carboxylic Acids by Liquid Chromatography-Tandem Mass Spectrometry: Method Development and Application to Surface Water, Groundwater and Drinking Water. Environmental Science and Pollution Research 2019, 26 (8), 7326−7336.","Robust trace analysis of polar (C2-C8) perfluorinated carboxylic acids by liquid chromatography-tandem mass spectrometry: method development and application to surface water, groundwater and drinking water",10.1007/s11356-018-1731-x,https://doi.org/10.1007/s11356-018-1731-x,matched_from_pdf_reference_and_docx,yes,,/mnt/c/Users/Administrator/Zotero/storage/VIXAM6VG/Janda 等 - 2019 - Robust trace analysis of polar (C2-C8) perfluorinated carboxylic acids by liquid chromatography-tand.pdf,pdf_reference+docx,local PDF found in Zotero
"Wujcik, 1999",pre_2010,,Determination of trifluoroacetic acid in 1996-1997 precipitation and surface waters in California and Nevada,10.1021/es980697c,https://doi.org/10.1021/es980697c,matched_from_docx,yes,,/mnt/c/Users/Administrator/Zotero/storage/R236WWLD/Wujcik 等 - 1999 - Determination of Trifluoroacetic Acid in 1996−1997 Precipitation and Surface Waters in California an.pdf,docx_only,local PDF found in Zotero
"Xie, 2020",post_2010,"Xie, G.; Cui, J.; Zhai, Z.; Zhang, J. Distribution Characteristics of Trifluoroacetic Acid in the Environments Surrounding Fluorochemical Production Plants in Jinan, China. Environmental Science and Pollution Research 2020, 27 (1), 983−991.","Distribution characteristics of trifluoroacetic acid in the environments surrounding fluorochemical production plants in Jinan, China",10.1007/s11356-019-06689-4,https://doi.org/10.1007/s11356-019-06689-4,matched_from_pdf_reference_and_docx,yes,,/mnt/c/Users/Administrator/Zotero/storage/GKC78DCT/Xie 等 - 2020 - Distribution characteristics of trifluoroacetic acid in the environments surrounding fluorochemical.pdf,pdf_reference+docx,local PDF found in Zotero
"Wujcik, 1999",pre_2010,,Determination of trifluoroacetic acid in 1996-1997 precipitation and surface waters in California and Nevada,10.1021/es980697c,https://doi.org/10.1021/es980697c,matched_from_docx,yes,,/mnt/c/Users/Administrator/Zotero/storage/R236WWLD/Wujcik 等 - 1999 - Determination of Trifluoroacetic Acid in 1996−1997 Precipitation and Surface Waters in California an.pdf,docx_only,local PDF found in Zotero
"Scheurer and Nodler, 2021",post_2010,"Scheurer, M.; Nödler, K. Ultrashort-Chain Perfluoroalkyl Substance Trifluoroacetate (TFA) in Beer and Tea − An Unintended Aqueous Extraction. Food Chem. 2021, 351, No. 129304.",Ultrashort-chain perfluoroalkyl substance trifluoroacetate (TFA) in beer and tea – An unintended aqueous extraction,10.1016/j.foodchem.2021.129304,https://doi.org/10.1016/j.foodchem.2021.129304,matched_from_pdf_reference_and_docx,yes,,/mnt/c/Users/Administrator/Zotero/storage/L23EVBC9/Zheng 等 - 2023 - Elevated Levels of Ultrashort- and Short-Chain Perfluoroalkyl Acids in US Homes and People.pdf,pdf_reference+docx,local PDF found in Zotero
"Berg, 2000",pre_2010,,Concentrations and Mass Fluxes of Chloroacetic Acids and Trifluoroacetic Acid in Rain and Natural Waters in Switzerland,10.1021/es990855f,https://doi.org/10.1021/es990855f,matched_from_docx,yes,,/mnt/c/Users/Administrator/Zotero/storage/CGBDY3YN/Von Sydow 等 - 2000 - Natural Background Levels of Trifluoroacetate in Rain and Snow.pdf,docx_only,local PDF found in Zotero
"Scheurer and Nodler, 2021",post_2010,"Scheurer, M.; Nödler, K. Ultrashort-Chain Perfluoroalkyl Substance Trifluoroacetate (TFA) in Beer and Tea − An Unintended Aqueous Extraction. Food Chem. 2021, 351, No. 129304.",Ultrashort-chain perfluoroalkyl substance trifluoroacetate (TFA) in beer and tea – An unintended aqueous extraction,10.1016/j.foodchem.2021.129304,https://doi.org/10.1016/j.foodchem.2021.129304,matched_from_pdf_reference_and_docx,yes,,/mnt/c/Users/Administrator/Zotero/storage/L23EVBC9/Zheng 等 - 2023 - Elevated Levels of Ultrashort- and Short-Chain Perfluoroalkyl Acids in US Homes and People.pdf,pdf_reference+docx,local PDF found in Zotero
"Berg, 2000",pre_2010,,Concentrations and Mass Fluxes of Chloroacetic Acids and Trifluoroacetic Acid in Rain and Natural Waters in Switzerland,10.1021/es990855f,https://doi.org/10.1021/es990855f,matched_from_docx,yes,,/mnt/c/Users/Administrator/Zotero/storage/CGBDY3YN/Von Sydow 等 - 2000 - Natural Background Levels of Trifluoroacetate in Rain and Snow.pdf,docx_only,local PDF found in Zotero
"Neuwald, 2021",post_2010,"Neuwald, I. J.; Hübner, D.; Wiegand, H. L.; Valkov, V.; Borchers, U.; Nödler, K.; Scheurer, M.; Hale, S. E.; Arp, H. P. H.; Zahn, D. Ultra-Short-Chain PFASs in the Sources of German Drinking Water: Prevalent, Overlooked, Difficult to Remove, and Unregulated. Environ. Sci. Technol. 2022, 56, 6380.","Ultra-Short-Chain PFASs in the Sources of German Drinking Water: Prevalent, Overlooked, Difficult to Remove, and Unregulated",10.1021/acs.est.1c07949,https://doi.org/10.1021/acs.est.1c07949,matched_from_pdf_reference_and_docx,yes,,"/mnt/c/Users/Administrator/Zotero/storage/BWUPHXY7/Neuwald 等 - 2022 - Ultra-Short-Chain PFASs in the Sources of German Drinking Water Prevalent, Overlooked, Difficult to.pdf",pdf_reference+docx,local PDF found in Zotero
"Cahill, 2001",pre_2010,"Cahill, T. M.; Thomas, C. M.; Schwarzbach, S. E.; Seiber, J. N. Accumulation of Trifluoroacetate in Seasonal Wetlands in California. Environ. Sci. Technol. 2001, 35 (5), 820−825.",Accumulation of trifluoroacetate in seasonal wetlands in California,10.1021/es0013982,https://doi.org/10.1021/es0013982,matched_from_pdf_reference_and_docx,yes,,/mnt/c/Users/Administrator/Zotero/storage/CNDE28GV/Cahill - 2022 - Increases in Trifluoroacetate Concentrations in Surface Waters over Two Decades.pdf,pdf_reference+docx,local PDF found in Zotero
"Neuwald, 2021",post_2010,"Neuwald, I. J.; Hübner, D.; Wiegand, H. L.; Valkov, V.; Borchers, U.; Nödler, K.; Scheurer, M.; Hale, S. E.; Arp, H. P. H.; Zahn, D. Ultra-Short-Chain PFASs in the Sources of German Drinking Water: Prevalent, Overlooked, Difficult to Remove, and Unregulated. Environ. Sci. Technol. 2022, 56, 6380.","Ultra-Short-Chain PFASs in the Sources of German Drinking Water: Prevalent, Overlooked, Difficult to Remove, and Unregulated",10.1021/acs.est.1c07949,https://doi.org/10.1021/acs.est.1c07949,matched_from_pdf_reference_and_docx,yes,,"/mnt/c/Users/Administrator/Zotero/storage/BWUPHXY7/Neuwald 等 - 2022 - Ultra-Short-Chain PFASs in the Sources of German Drinking Water Prevalent, Overlooked, Difficult to.pdf",pdf_reference+docx,local PDF found in Zotero
"Scott, 2002",pre_2010,,Distribution of haloacetic acids in the water columns of the Laurentian Great Lakes and Lake Malawi,10.1021/es011156h,https://doi.org/10.1021/es011156h,matched_from_docx,yes,,/mnt/c/Users/Administrator/Zotero/storage/T47TZRAY/Scott 等 - 2002 - Distribution of Haloacetic Acids in the Water Columns of the Laurentian Great Lakes and Lake Malawi.pdf,docx_only,local PDF found in Zotero
"Zheng, 2023",post_2010,"Björnsdotter, M. K.; Yeung, L. W. Y.; Kärrman, A.; Jogsten, I. E. Ultra-Short-Chain Perfluoroalkyl Acids Including Trifluoromethane Sulfonic Acid in Water Connected to Known and Suspected Point Sources in Sweden. Environ. Sci. Technol. 2019, 53 (19), 11093− 11101.",Elevated Levels of Ultrashort- and Short-Chain Perfluoroalkyl Acids in US Homes and People,10.1021/acs.est.2c06715,https://doi.org/10.1021/acs.est.2c06715,matched_from_pdf_reference_and_docx,yes,,/mnt/c/Users/Administrator/Zotero/storage/L23EVBC9/Zheng 等 - 2023 - Elevated Levels of Ultrashort- and Short-Chain Perfluoroalkyl Acids in US Homes and People.pdf,pdf_reference+docx,reported as n.d.; local PDF found in Zotero
"Scott, 2002",pre_2010,,Distribution of haloacetic acids in the water columns of the Laurentian Great Lakes and Lake Malawi,10.1021/es011156h,https://doi.org/10.1021/es011156h,matched_from_docx,yes,,/mnt/c/Users/Administrator/Zotero/storage/T47TZRAY/Scott 等 - 2002 - Distribution of Haloacetic Acids in the Water Columns of the Laurentian Great Lakes and Lake Malawi.pdf,docx_only,local PDF found in Zotero
"Scott, 2002",pre_2010,,Distribution of haloacetic acids in the water columns of the Laurentian Great Lakes and Lake Malawi,10.1021/es011156h,https://doi.org/10.1021/es011156h,matched_from_docx,yes,,/mnt/c/Users/Administrator/Zotero/storage/T47TZRAY/Scott 等 - 2002 - Distribution of Haloacetic Acids in the Water Columns of the Laurentian Great Lakes and Lake Malawi.pdf,docx_only,local PDF found in Zotero
"Zhang, 2005",pre_2010,"Zhang, J.; Zhang, Y.; Li, J.; Hu, J.; Ye, P.; Zeng, Z. Monitoring of Trifluoroacetic Acid Concentration in Environmental Waters in China. Water Res. 2005, 39 (7), 1331−1339.",Monitoring of trifluoroacetic acid concentration in environmental waters in China,10.1016/j.watres.2004.12.043,https://doi.org/10.1016/j.watres.2004.12.043,matched_from_pdf_reference_and_docx,yes,,/mnt/c/Users/Administrator/Zotero/storage/62RBHVHJ/Zhang 等 - 2017 - Occurrence and distribution of antibiotics in multiple environmental media of the East River (Dongji.pdf,pdf_reference+docx,local PDF found in Zotero
"Scheurer and Nodler, 2021",post_2010,"Scheurer, M.; Nödler, K. Ultrashort-Chain Perfluoroalkyl Substance Trifluoroacetate (TFA) in Beer and Tea − An Unintended Aqueous Extraction. Food Chem. 2021, 351, No. 129304.",Ultrashort-chain perfluoroalkyl substance trifluoroacetate (TFA) in beer and tea – An unintended aqueous extraction,10.1016/j.foodchem.2021.129304,https://doi.org/10.1016/j.foodchem.2021.129304,matched_from_pdf_reference_and_docx,yes,,/mnt/c/Users/Administrator/Zotero/storage/L23EVBC9/Zheng 等 - 2023 - Elevated Levels of Ultrashort- and Short-Chain Perfluoroalkyl Acids in US Homes and People.pdf,pdf_reference+docx,local PDF found in Zotero
"Zhang, 2005",pre_2010,"Zhang, J.; Zhang, Y.; Li, J.; Hu, J.; Ye, P.; Zeng, Z. Monitoring of Trifluoroacetic Acid Concentration in Environmental Waters in China. Water Res. 2005, 39 (7), 1331−1339.",Monitoring of trifluoroacetic acid concentration in environmental waters in China,10.1016/j.watres.2004.12.043,https://doi.org/10.1016/j.watres.2004.12.043,matched_from_pdf_reference_and_docx,yes,,/mnt/c/Users/Administrator/Zotero/storage/62RBHVHJ/Zhang 等 - 2017 - Occurrence and distribution of antibiotics in multiple environmental media of the East River (Dongji.pdf,pdf_reference+docx,local PDF found in Zotero
"Scheurer and Nodler, 2021",post_2010,"Scheurer, M.; Nödler, K. Ultrashort-Chain Perfluoroalkyl Substance Trifluoroacetate (TFA) in Beer and Tea − An Unintended Aqueous Extraction. Food Chem. 2021, 351, No. 129304.",Ultrashort-chain perfluoroalkyl substance trifluoroacetate (TFA) in beer and tea – An unintended aqueous extraction,10.1016/j.foodchem.2021.129304,https://doi.org/10.1016/j.foodchem.2021.129304,matched_from_pdf_reference_and_docx,yes,,/mnt/c/Users/Administrator/Zotero/storage/L23EVBC9/Zheng 等 - 2023 - Elevated Levels of Ultrashort- and Short-Chain Perfluoroalkyl Acids in US Homes and People.pdf,pdf_reference+docx,local PDF found in Zotero
"Jordan and Frank, 1999",pre_2010,,Trifluoroacetate in the environment. Evidence for sources other than HFC/HCFCs,10.1021/es980674y,https://doi.org/10.1021/es980674y,matched_from_docx,yes,,/mnt/c/Users/Administrator/Zotero/storage/8W3C9V76/Jordan和Frank - 1999 - Trifluoroacetate in the Environment. Evidence for Sources Other Than HFCHCFCs.pdf,docx_only,local PDF found in Zotero
"Scheurer, 2017",post_2010,"Scheurer, M.; Nödler, K.; Freeling, F.; Janda, J.; Happel, O.; Riegel, M.; Müller, U.; Storck, F. R.; Fleig, M.; Lange, F. T.; Brunsch, A.; Brauch, H. J. Small, Mobile, Persistent: Trifluoroacetate in the Water Cycle − Overlooked Sources, Pathways, and Consequences for Drinking Water Supply. Water Res. 2017, 126, 460−471.","Small, mobile, persistent: Trifluoroacetate in the water cycle – Overlooked sources, pathways, and consequences for drinking water supply",10.1016/j.watres.2017.09.045,https://doi.org/10.1016/j.watres.2017.09.045,matched_from_pdf_reference_and_docx,yes,,"/mnt/c/Users/Administrator/Zotero/storage/BWUPHXY7/Neuwald 等 - 2022 - Ultra-Short-Chain PFASs in the Sources of German Drinking Water Prevalent, Overlooked, Difficult to.pdf",pdf_reference+docx,multiple years; local PDF found in Zotero
"Jordan and Frank, 1999",pre_2010,,Trifluoroacetate in the environment. Evidence for sources other than HFC/HCFCs,10.1021/es980674y,https://doi.org/10.1021/es980674y,matched_from_docx,yes,,/mnt/c/Users/Administrator/Zotero/storage/8W3C9V76/Jordan和Frank - 1999 - Trifluoroacetate in the Environment. Evidence for Sources Other Than HFCHCFCs.pdf,docx_only,local PDF found in Zotero
"Wang, 2020",post_2010,"Wang, B.; Yao, Y.; Chen, H.; Chang, S.; Tian, Y.; Sun, H. Perand Polyfluoroalkyl Substances and the Contribution of Unknown Precursors and Short-Chain (C2−C3) Perfluoroalkyl Carboxylic Acids at Solid Waste Disposal Facilities. Sci. Total Environ. 2020, 705, No. 135832.",Per- and polyfluoroalkyl substances and the contribution of unknown precursors and short-chain (C2–C3) perfluoroalkyl carboxylic acids at solid waste disposal facilities,10.1016/j.scitotenv.2019.135832,https://doi.org/10.1016/j.scitotenv.2019.135832,matched_from_pdf_reference_and_docx,yes,,/mnt/c/Users/Administrator/Zotero/storage/QJM4LMDM/Wang 等 - 2015 - Transport of short-chain perfluoroalkyl acids from concentrated fluoropolymer facilities to the Dali.pdf,pdf_reference+docx,local PDF found in Zotero
"Jordan and Frank, 1999",pre_2010,,Trifluoroacetate in the environment. Evidence for sources other than HFC/HCFCs,10.1021/es980674y,https://doi.org/10.1021/es980674y,matched_from_docx,yes,,/mnt/c/Users/Administrator/Zotero/storage/8W3C9V76/Jordan和Frank - 1999 - Trifluoroacetate in the Environment. Evidence for Sources Other Than HFCHCFCs.pdf,docx_only,local PDF found in Zotero
"Bjornsdotter, 2022",post_2010,,,,,no_match_in_docx,no,,,unresolved,
"Jordan and Frank, 1999",pre_2010,,Trifluoroacetate in the environment. Evidence for sources other than HFC/HCFCs,10.1021/es980674y,https://doi.org/10.1021/es980674y,matched_from_docx,yes,,/mnt/c/Users/Administrator/Zotero/storage/8W3C9V76/Jordan和Frank - 1999 - Trifluoroacetate in the Environment. Evidence for Sources Other Than HFCHCFCs.pdf,docx_only,local PDF found in Zotero
"Bjornsdotter, 2022",post_2010,,,,,no_match_in_docx,no,,,unresolved,
"Frank, 2002",pre_2010,"Frank, H.; Christoph, E. H.; Holm-Hansen, O.; Bullister, J. L. Trifluoroacetate in Ocean Waters. Environ. Sci. Technol. 2002, 36 (1), 12−15.",Trifluoroacetate in ocean waters,10.1021/es0101532,https://doi.org/10.1021/es0101532,matched_from_pdf_reference_and_docx,yes,,/mnt/c/Users/Administrator/Zotero/storage/AVE5TNE8/Frank 等 - 2002 - Trifluoroacetate in Ocean Waters.pdf,pdf_reference+docx,local PDF found in Zotero
"Bjornsdotter, 2019",post_2010,,,,,no_match_in_docx,no,,,unresolved,reported as <34; multiple years
"von Sydow, 2000",pre_2010,,Natural background levels of trifluoroacetate in rain and snow,10.1021/es9913683,https://doi.org/10.1021/es9913683,matched_from_docx,yes,,/mnt/c/Users/Administrator/Zotero/storage/CGBDY3YN/Von Sydow 等 - 2000 - Natural Background Levels of Trifluoroacetate in Rain and Snow.pdf,docx_only,local PDF found in Zotero
"Wang, 2020",post_2010,"Wang, B.; Yao, Y.; Chen, H.; Chang, S.; Tian, Y.; Sun, H. Perand Polyfluoroalkyl Substances and the Contribution of Unknown Precursors and Short-Chain (C2−C3) Perfluoroalkyl Carboxylic Acids at Solid Waste Disposal Facilities. Sci. Total Environ. 2020, 705, No. 135832.",Per- and polyfluoroalkyl substances and the contribution of unknown precursors and short-chain (C2–C3) perfluoroalkyl carboxylic acids at solid waste disposal facilities,10.1016/j.scitotenv.2019.135832,https://doi.org/10.1016/j.scitotenv.2019.135832,matched_from_pdf_reference_and_docx,yes,,/mnt/c/Users/Administrator/Zotero/storage/QJM4LMDM/Wang 等 - 2015 - Transport of short-chain perfluoroalkyl acids from concentrated fluoropolymer facilities to the Dali.pdf,pdf_reference+docx,local PDF found in Zotero
"von Sydow, 2000",pre_2010,,Natural background levels of trifluoroacetate in rain and snow,10.1021/es9913683,https://doi.org/10.1021/es9913683,matched_from_docx,yes,,/mnt/c/Users/Administrator/Zotero/storage/CGBDY3YN/Von Sydow 等 - 2000 - Natural Background Levels of Trifluoroacetate in Rain and Snow.pdf,docx_only,local PDF found in Zotero
"Tsou, 2023",post_2010,"Tsou, K.; Antell, E.; Duan, Y.; Olivares, C. I.; Yi, S.; AlvarezCohen, L.; Sedlak, D. L. Improved Total Oxidizable Precursor Assay for Quantifying Polyfluorinated Compounds Amenable to Oxidative Conversion to Perfluoroalkyl Carboxylic Acids. ACS ES&T Water 2023, 3 (9), 2996−3003.",Improved Total Oxidizable Precursor Assay for Quantifying Polyfluorinated Compounds Amenable to Oxidative Conversion to Perfluoroalkyl Carboxylic Acids,10.1021/acsestwater.3c00224,https://doi.org/10.1021/acsestwater.3c00224,matched_from_pdf_reference_and_docx,yes,,/mnt/c/Users/Administrator/Zotero/storage/ZHP2TFIP/Tsou 等 - 2023 - Improved Total Oxidizable Precursor Assay for Quantifying Polyfluorinated Compounds Amenable to Oxid.pdf,pdf_reference+docx,local PDF found in Zotero
"Nielsen, 2001",pre_2010,,Trifluoroacetic acid in ancient freshwater,10.1016/S1352-2310(01)00148-0,https://doi.org/10.1016/S1352-2310(01)00148-0,matched_from_docx,yes,/mnt/c/Users/Administrator/codex/projects/tfa_est_rebuild/downloaded_papers/Nielsen_2001_Ancient_Freshwater.pdf,,docx_only,reported as n.d.; local PDF found in downloaded_papers.zip
"Pickard, 2020",pre_2010,,,,,no_match_in_docx,no,,,unresolved,
"Pickard, 2020",pre_2010,,,,,no_match_in_docx,no,,,unresolved,reported as <0.37
"Guo, 2017",post_2010,,Dynamic and thermodynamic mechanisms of TFA adsorption by particulate matter,10.1016/j.envpol.2017.03.049,https://doi.org/10.1016/j.envpol.2017.03.049,matched_from_docx,no,,,docx_only,
"Chen, 2018",post_2010,"Chen, H.; Yao, Y.; Zhao, Z.; Wang, Y.; Wang, Q.; Ren, C.; Wang, B.; Sun, H.; Alder, A. C.; Kannan, K. Multimedia Distribution and Transfer of Per- and Polyfluoroalkyl Substances (PFASs) Surrounding Two Fluorochemical Manufacturing Facilities in Fuxin, China. Environ. Sci. Technol. 2018, 52 (15), 8263−8271. 19931 https://doi.org/","Multimedia Distribution and Transfer of Per- and Polyfluoroalkyl Substances (PFASs) Surrounding Two Fluorochemical Manufacturing Facilities in Fuxin, China",10.1021/acs.est.8b00544,https://doi.org/10.1021/acs.est.8b00544,matched_from_pdf_reference_and_docx,yes,,/mnt/c/Users/Administrator/Zotero/storage/LIC3BTYS/Chen 等 - 2018 - Multimedia Distribution and Transfer of Per- and Polyfluoroalkyl Substances (PFASs) Surrounding Two.pdf,pdf_reference+docx,local PDF found in Zotero
"Fang, 2018",post_2010,"Fang, X.; Wang, Q.; Zhao, Z.; Tang, J.; Tian, C.; Yao, Y.; Yu, J.; Sun, H. Distribution and Dry Deposition of Alternative and Legacy Perfluoroalkyl and Polyfluoroalkyl Substances in the Air above the Bohai and Yellow Seas, China. Atmos Environ 2018, 192, 128–135. https://doi.org/10.1016/j.atmosenv.2018.08.052. S7","Distribution and dry deposition of alternative and legacy perfluoroalkyl and polyfluoroalkyl substances in the air above the Bohai and Yellow Seas, China",10.1016/j.atmosenv.2018.08.052,https://doi.org/10.1016/j.atmosenv.2018.08.052,matched_from_pdf_reference_and_docx,yes,,/mnt/c/Users/Administrator/Zotero/storage/ZTE825XQ/Heydebreck 等 - 2015 - Alternative and Legacy Perfluoroalkyl Substances Differences between European and Chinese RiverEst.pdf,pdf_reference+docx,local PDF found in Zotero
"Jordan and Frank, 1999",pre_2010,,Trifluoroacetate in the environment. Evidence for sources other than HFC/HCFCs,10.1021/es980674y,https://doi.org/10.1021/es980674y,matched_from_docx,yes,,/mnt/c/Users/Administrator/Zotero/storage/8W3C9V76/Jordan和Frank - 1999 - Trifluoroacetate in the Environment. Evidence for Sources Other Than HFCHCFCs.pdf,docx_only,local PDF found in Zotero
"Tian, 2018",post_2010,"Tian, Y.; Yao, Y.; Chang, S.; Zhao, Z.; Zhao, Y.; Yuan, X.; Wu, F.; Sun, H. Occurrence and Phase Distribution of Neutral and Ionizable Per- and Polyfluoroalkyl Substances (PFASs) in the Atmosphere and Plant Leaves around Landfills: A Case Study in Tianjin, China. Environ. Sci. Technol. 2018, 52 (3), 1301−1310.","Occurrence and Phase Distribution of Neutral and Ionizable Per- and Polyfluoroalkyl Substances (PFASs) in the Atmosphere and Plant Leaves around Landfills: A Case Study in Tianjin, China",10.1021/acs.est.7b05385,https://doi.org/10.1021/acs.est.7b05385,matched_from_pdf_reference_and_docx,yes,,/mnt/c/Users/Administrator/Zotero/storage/ES7GXUQV/Tian 等 - 2018 - Occurrence and Phase Distribution of Neutral and Ionizable Per- and Polyfluoroalkyl Substances (PFAS.pdf,pdf_reference+docx,local PDF found in Zotero
"Nielsen, 2001",pre_2010,,Trifluoroacetic acid in ancient freshwater,10.1016/S1352-2310(01)00148-0,https://doi.org/10.1016/S1352-2310(01)00148-0,matched_from_docx,yes,/mnt/c/Users/Administrator/codex/projects/tfa_est_rebuild/downloaded_papers/Nielsen_2001_Ancient_Freshwater.pdf,,docx_only,reported as n.d.; local PDF found in downloaded_papers.zip
"Zhang, 2018",post_2010,"Zhang, B.; Zhai, Z.; Zhang, J. Distribution of Trifluoroacetic Acid in Gas and Particulate Phases in Beijing from 2013 to 2016. Science of the Total Environment 2018, 634, 471– 477. https://doi.org/10.1016/j.scitotenv.2018.03.384.",Distribution of trifluoroacetic acid in gas and particulate phases in Beijing from 2013 to 2016,10.1016/j.scitotenv.2018.03.384,https://doi.org/10.1016/j.scitotenv.2018.03.384,matched_from_pdf_reference_and_docx,yes,,"/mnt/c/Users/Administrator/Zotero/storage/2WWY8DPI/Zhang 等 - 2012 - Occurrence, distribution, and seasonal variation of estrogenic compounds and antibiotic residues in.pdf",pdf_reference+docx,local PDF found in Zotero
"Zhang, 2018",post_2010,"Zhang, B.; Zhai, Z.; Zhang, J. Distribution of Trifluoroacetic Acid in Gas and Particulate Phases in Beijing from 2013 to 2016. Science of the Total Environment 2018, 634, 471– 477. https://doi.org/10.1016/j.scitotenv.2018.03.384.",Distribution of trifluoroacetic acid in gas and particulate phases in Beijing from 2013 to 2016,10.1016/j.scitotenv.2018.03.384,https://doi.org/10.1016/j.scitotenv.2018.03.384,matched_from_pdf_reference_and_docx,yes,,"/mnt/c/Users/Administrator/Zotero/storage/2WWY8DPI/Zhang 等 - 2012 - Occurrence, distribution, and seasonal variation of estrogenic compounds and antibiotic residues in.pdf",pdf_reference+docx,local PDF found in Zotero
"Zhang, 2018",post_2010,"Zhang, B.; Zhai, Z.; Zhang, J. Distribution of Trifluoroacetic Acid in Gas and Particulate Phases in Beijing from 2013 to 2016. Science of the Total Environment 2018, 634, 471– 477. https://doi.org/10.1016/j.scitotenv.2018.03.384.",Distribution of trifluoroacetic acid in gas and particulate phases in Beijing from 2013 to 2016,10.1016/j.scitotenv.2018.03.384,https://doi.org/10.1016/j.scitotenv.2018.03.384,matched_from_pdf_reference_and_docx,yes,,"/mnt/c/Users/Administrator/Zotero/storage/2WWY8DPI/Zhang 等 - 2012 - Occurrence, distribution, and seasonal variation of estrogenic compounds and antibiotic residues in.pdf",pdf_reference+docx,local PDF found in Zotero
"Berg, 2000",pre_2010,,Concentrations and Mass Fluxes of Chloroacetic Acids and Trifluoroacetic Acid in Rain and Natural Waters in Switzerland,10.1021/es990855f,https://doi.org/10.1021/es990855f,matched_from_docx,yes,,/mnt/c/Users/Administrator/Zotero/storage/CGBDY3YN/Von Sydow 等 - 2000 - Natural Background Levels of Trifluoroacetate in Rain and Snow.pdf,docx_only,local PDF found in Zotero
"Zhang, 2018",post_2010,"Zhang, B.; Zhai, Z.; Zhang, J. Distribution of Trifluoroacetic Acid in Gas and Particulate Phases in Beijing from 2013 to 2016. Science of the Total Environment 2018, 634, 471– 477. https://doi.org/10.1016/j.scitotenv.2018.03.384.",Distribution of trifluoroacetic acid in gas and particulate phases in Beijing from 2013 to 2016,10.1016/j.scitotenv.2018.03.384,https://doi.org/10.1016/j.scitotenv.2018.03.384,matched_from_pdf_reference_and_docx,yes,,"/mnt/c/Users/Administrator/Zotero/storage/2WWY8DPI/Zhang 等 - 2012 - Occurrence, distribution, and seasonal variation of estrogenic compounds and antibiotic residues in.pdf",pdf_reference+docx,local PDF found in Zotero
"Zhang, 2005",pre_2010,"Zhang, J.; Zhang, Y.; Li, J.; Hu, J.; Ye, P.; Zeng, Z. Monitoring of Trifluoroacetic Acid Concentration in Environmental Waters in China. Water Res. 2005, 39 (7), 1331−1339.",Monitoring of trifluoroacetic acid concentration in environmental waters in China,10.1016/j.watres.2004.12.043,https://doi.org/10.1016/j.watres.2004.12.043,matched_from_pdf_reference_and_docx,yes,,/mnt/c/Users/Administrator/Zotero/storage/62RBHVHJ/Zhang 等 - 2017 - Occurrence and distribution of antibiotics in multiple environmental media of the East River (Dongji.pdf,pdf_reference+docx,local PDF found in Zotero
"Xie, 2020",post_2010,"Xie, G.; Cui, J.; Zhai, Z.; Zhang, J. Distribution Characteristics of Trifluoroacetic Acid in the Environments Surrounding Fluorochemical Production Plants in Jinan, China. Environmental Science and Pollution Research 2020, 27 (1), 983−991.","Distribution characteristics of trifluoroacetic acid in the environments surrounding fluorochemical production plants in Jinan, China",10.1007/s11356-019-06689-4,https://doi.org/10.1007/s11356-019-06689-4,matched_from_pdf_reference_and_docx,yes,,/mnt/c/Users/Administrator/Zotero/storage/GKC78DCT/Xie 等 - 2020 - Distribution characteristics of trifluoroacetic acid in the environments surrounding fluorochemical.pdf,pdf_reference+docx,local PDF found in Zotero
"Berg, 2000",pre_2010,,Concentrations and Mass Fluxes of Chloroacetic Acids and Trifluoroacetic Acid in Rain and Natural Waters in Switzerland,10.1021/es990855f,https://doi.org/10.1021/es990855f,matched_from_docx,yes,,/mnt/c/Users/Administrator/Zotero/storage/CGBDY3YN/Von Sydow 等 - 2000 - Natural Background Levels of Trifluoroacetate in Rain and Snow.pdf,docx_only,local PDF found in Zotero
"EURL-SRM – Residue Findings Report, 2017",post_2010,EU Reference Laboratories for Residues of Pesticides. EURL-SRM-Residue Findings Report; 2017. https://www.eurl-pesticides.eu/userfiles/file/eurlsrm/eurlsrm_residueobservation_tfa-dfa.pdf (accessed 2023-12-08).,EURL-SRM-Residue Findings Report,,https://www.eurl-pesticides.eu/userfiles/file/eurlsrm/eurlsrm_residue-observation_tfa-dfa.pdf,grey_literature_or_report,yes,/mnt/c/Users/Administrator/codex/projects/tfa_est_rebuild/downloaded_papers/EURL_2017_Residue_Report.pdf,,grey_report,local PDF found in downloaded_papers.zip
"Berg, 2000",pre_2010,,Concentrations and Mass Fluxes of Chloroacetic Acids and Trifluoroacetic Acid in Rain and Natural Waters in Switzerland,10.1021/es990855f,https://doi.org/10.1021/es990855f,matched_from_docx,yes,,/mnt/c/Users/Administrator/Zotero/storage/CGBDY3YN/Von Sydow 等 - 2000 - Natural Background Levels of Trifluoroacetate in Rain and Snow.pdf,docx_only,reported as <100; local PDF found in Zotero
"Chen, 2018",post_2010,"Chen, H.; Yao, Y.; Zhao, Z.; Wang, Y.; Wang, Q.; Ren, C.; Wang, B.; Sun, H.; Alder, A. C.; Kannan, K. Multimedia Distribution and Transfer of Per- and Polyfluoroalkyl Substances (PFASs) Surrounding Two Fluorochemical Manufacturing Facilities in Fuxin, China. Environ. Sci. Technol. 2018, 52 (15), 8263−8271. 19931 https://doi.org/","Multimedia Distribution and Transfer of Per- and Polyfluoroalkyl Substances (PFASs) Surrounding Two Fluorochemical Manufacturing Facilities in Fuxin, China",10.1021/acs.est.8b00544,https://doi.org/10.1021/acs.est.8b00544,matched_from_pdf_reference_and_docx,yes,,/mnt/c/Users/Administrator/Zotero/storage/LIC3BTYS/Chen 等 - 2018 - Multimedia Distribution and Transfer of Per- and Polyfluoroalkyl Substances (PFASs) Surrounding Two.pdf,pdf_reference+docx,local PDF found in Zotero
"Zhang, 2005",pre_2010,"Zhang, J.; Zhang, Y.; Li, J.; Hu, J.; Ye, P.; Zeng, Z. Monitoring of Trifluoroacetic Acid Concentration in Environmental Waters in China. Water Res. 2005, 39 (7), 1331−1339.",Monitoring of trifluoroacetic acid concentration in environmental waters in China,10.1016/j.watres.2004.12.043,https://doi.org/10.1016/j.watres.2004.12.043,matched_from_pdf_reference_and_docx,yes,,/mnt/c/Users/Administrator/Zotero/storage/62RBHVHJ/Zhang 等 - 2017 - Occurrence and distribution of antibiotics in multiple environmental media of the East River (Dongji.pdf,pdf_reference+docx,local PDF found in Zotero
"Tian, 2018",post_2010,"Tian, Y.; Yao, Y.; Chang, S.; Zhao, Z.; Zhao, Y.; Yuan, X.; Wu, F.; Sun, H. Occurrence and Phase Distribution of Neutral and Ionizable Per- and Polyfluoroalkyl Substances (PFASs) in the Atmosphere and Plant Leaves around Landfills: A Case Study in Tianjin, China. Environ. Sci. Technol. 2018, 52 (3), 1301−1310.","Occurrence and Phase Distribution of Neutral and Ionizable Per- and Polyfluoroalkyl Substances (PFASs) in the Atmosphere and Plant Leaves around Landfills: A Case Study in Tianjin, China",10.1021/acs.est.7b05385,https://doi.org/10.1021/acs.est.7b05385,matched_from_pdf_reference_and_docx,yes,,/mnt/c/Users/Administrator/Zotero/storage/ES7GXUQV/Tian 等 - 2018 - Occurrence and Phase Distribution of Neutral and Ionizable Per- and Polyfluoroalkyl Substances (PFAS.pdf,pdf_reference+docx,local PDF found in Zotero
"Lan, 2020",post_2010,,,,,no_match_in_docx,no,,,unresolved,multiple years
"Lan, 2020",post_2010,,,,,no_match_in_docx,no,,,unresolved,multiple years
"Jordan and Frank, 1999",pre_2010,,Trifluoroacetate in the environment. Evidence for sources other than HFC/HCFCs,10.1021/es980674y,https://doi.org/10.1021/es980674y,matched_from_docx,yes,,/mnt/c/Users/Administrator/Zotero/storage/8W3C9V76/Jordan和Frank - 1999 - Trifluoroacetate in the Environment. Evidence for Sources Other Than HFCHCFCs.pdf,docx_only,local PDF found in Zotero
"Lan, 2020",post_2010,,,,,no_match_in_docx,no,,,unresolved,multiple years
"Martin, 2003",pre_2010,,Airborne haloacetic acids,10.1021/es026345u,https://doi.org/10.1021/es026345u,matched_from_docx,yes,,/mnt/c/Users/Administrator/Zotero/storage/QNHGEQHN/Martin 等 - 2003 - Airborne Haloacetic Acids.pdf,docx_only,local PDF found in Zotero
"Lan, 2020",post_2010,,,,,no_match_in_docx,no,,,unresolved,multiple years
"Freeling, 2022",post_2010,"Freeling, F.; Scheurer, M.; Koschorreck, J.; Hoffmann, G.; Ternes, T. A.; Nödler, K. Levels and Temporal Trends of Trifluoroacetate (TFA) in Archived Plants: Evidence for Increasing Emissions of Gaseous TFA Precursors over the Last Decades. Environ. Sci. Technol. Lett. 2022, 9 (5), 400−405.",Levels and Temporal Trends of Trifluoroacetate (TFA) in Archived Plants: Evidence for Increasing Emissions of Gaseous TFA Precursors over the Last Decades,10.1021/acs.estlett.2c00164,https://doi.org/10.1021/acs.estlett.2c00164,matched_from_pdf_reference_and_docx,yes,,/mnt/c/Users/Administrator/Zotero/storage/PK8CTYJ6/Freeling 等 - 2022 - Levels and Temporal Trends of Trifluoroacetate (TFA) in Archived Plants Evidence for Increasing Emi.pdf,pdf_reference+docx,local PDF found in Zotero
"Freeling, 2022",post_2010,"Freeling, F.; Scheurer, M.; Koschorreck, J.; Hoffmann, G.; Ternes, T. A.; Nödler, K. Levels and Temporal Trends of Trifluoroacetate (TFA) in Archived Plants: Evidence for Increasing Emissions of Gaseous TFA Precursors over the Last Decades. Environ. Sci. Technol. Lett. 2022, 9 (5), 400−405.",Levels and Temporal Trends of Trifluoroacetate (TFA) in Archived Plants: Evidence for Increasing Emissions of Gaseous TFA Precursors over the Last Decades,10.1021/acs.estlett.2c00164,https://doi.org/10.1021/acs.estlett.2c00164,matched_from_pdf_reference_and_docx,yes,,/mnt/c/Users/Administrator/Zotero/storage/PK8CTYJ6/Freeling 等 - 2022 - Levels and Temporal Trends of Trifluoroacetate (TFA) in Archived Plants Evidence for Increasing Emi.pdf,pdf_reference+docx,local PDF found in Zotero
"Cahill, 2001",pre_2010,"Cahill, T. M.; Thomas, C. M.; Schwarzbach, S. E.; Seiber, J. N. Accumulation of Trifluoroacetate in Seasonal Wetlands in California. Environ. Sci. Technol. 2001, 35 (5), 820−825.",Accumulation of trifluoroacetate in seasonal wetlands in California,10.1021/es0013982,https://doi.org/10.1021/es0013982,matched_from_pdf_reference_and_docx,yes,,/mnt/c/Users/Administrator/Zotero/storage/CNDE28GV/Cahill - 2022 - Increases in Trifluoroacetate Concentrations in Surface Waters over Two Decades.pdf,pdf_reference+docx,local PDF found in Zotero
"Freeling, 2022",post_2010,"Freeling, F.; Scheurer, M.; Koschorreck, J.; Hoffmann, G.; Ternes, T. A.; Nödler, K. Levels and Temporal Trends of Trifluoroacetate (TFA) in Archived Plants: Evidence for Increasing Emissions of Gaseous TFA Precursors over the Last Decades. Environ. Sci. Technol. Lett. 2022, 9 (5), 400−405.",Levels and Temporal Trends of Trifluoroacetate (TFA) in Archived Plants: Evidence for Increasing Emissions of Gaseous TFA Precursors over the Last Decades,10.1021/acs.estlett.2c00164,https://doi.org/10.1021/acs.estlett.2c00164,matched_from_pdf_reference_and_docx,yes,,/mnt/c/Users/Administrator/Zotero/storage/PK8CTYJ6/Freeling 等 - 2022 - Levels and Temporal Trends of Trifluoroacetate (TFA) in Archived Plants Evidence for Increasing Emi.pdf,pdf_reference+docx,local PDF found in Zotero
"Cahill, 2001",pre_2010,"Cahill, T. M.; Thomas, C. M.; Schwarzbach, S. E.; Seiber, J. N. Accumulation of Trifluoroacetate in Seasonal Wetlands in California. Environ. Sci. Technol. 2001, 35 (5), 820−825.",Accumulation of trifluoroacetate in seasonal wetlands in California,10.1021/es0013982,https://doi.org/10.1021/es0013982,matched_from_pdf_reference_and_docx,yes,,/mnt/c/Users/Administrator/Zotero/storage/CNDE28GV/Cahill - 2022 - Increases in Trifluoroacetate Concentrations in Surface Waters over Two Decades.pdf,pdf_reference+docx,local PDF found in Zotero
"Freeling, 2022",post_2010,"Freeling, F.; Scheurer, M.; Koschorreck, J.; Hoffmann, G.; Ternes, T. A.; Nödler, K. Levels and Temporal Trends of Trifluoroacetate (TFA) in Archived Plants: Evidence for Increasing Emissions of Gaseous TFA Precursors over the Last Decades. Environ. Sci. Technol. Lett. 2022, 9 (5), 400−405.",Levels and Temporal Trends of Trifluoroacetate (TFA) in Archived Plants: Evidence for Increasing Emissions of Gaseous TFA Precursors over the Last Decades,10.1021/acs.estlett.2c00164,https://doi.org/10.1021/acs.estlett.2c00164,matched_from_pdf_reference_and_docx,yes,,/mnt/c/Users/Administrator/Zotero/storage/PK8CTYJ6/Freeling 等 - 2022 - Levels and Temporal Trends of Trifluoroacetate (TFA) in Archived Plants Evidence for Increasing Emi.pdf,pdf_reference+docx,local PDF found in Zotero
"Scott, 2005",pre_2010,"Scott, B. F.; Spencer, C.; Martin, J. W.; Barra, R.; Bootsma, H. A.; Jones, K. C.; Johnston, A. E.; Muir, D. C. G. Comparison of Haloacetic Acids in the Environment of the Northern and Southern Hemispheres. Environ. Sci. Technol. 2005, 39 (22), 8664−8670.",Comparison of haloacetic acids in the environment of the Northern and Southern Hemispheres,10.1021/es050118l,https://doi.org/10.1021/es050118l,matched_from_pdf_reference_and_docx,yes,,/mnt/c/Users/Administrator/Zotero/storage/JPY77LKQ/Scott 等 - 2005 - Comparison of Haloacetic Acids in the Environment of the Northern and Southern Hemispheres.pdf,pdf_reference+docx,local PDF found in Zotero
"Freeling, 2022",post_2010,"Freeling, F.; Scheurer, M.; Koschorreck, J.; Hoffmann, G.; Ternes, T. A.; Nödler, K. Levels and Temporal Trends of Trifluoroacetate (TFA) in Archived Plants: Evidence for Increasing Emissions of Gaseous TFA Precursors over the Last Decades. Environ. Sci. Technol. Lett. 2022, 9 (5), 400−405.",Levels and Temporal Trends of Trifluoroacetate (TFA) in Archived Plants: Evidence for Increasing Emissions of Gaseous TFA Precursors over the Last Decades,10.1021/acs.estlett.2c00164,https://doi.org/10.1021/acs.estlett.2c00164,matched_from_pdf_reference_and_docx,yes,,/mnt/c/Users/Administrator/Zotero/storage/PK8CTYJ6/Freeling 等 - 2022 - Levels and Temporal Trends of Trifluoroacetate (TFA) in Archived Plants Evidence for Increasing Emi.pdf,pdf_reference+docx,local PDF found in Zotero
"Scott, 2005",pre_2010,"Scott, B. F.; Spencer, C.; Martin, J. W.; Barra, R.; Bootsma, H. A.; Jones, K. C.; Johnston, A. E.; Muir, D. C. G. Comparison of Haloacetic Acids in the Environment of the Northern and Southern Hemispheres. Environ. Sci. Technol. 2005, 39 (22), 8664−8670.",Comparison of haloacetic acids in the environment of the Northern and Southern Hemispheres,10.1021/es050118l,https://doi.org/10.1021/es050118l,matched_from_pdf_reference_and_docx,yes,,/mnt/c/Users/Administrator/Zotero/storage/JPY77LKQ/Scott 等 - 2005 - Comparison of Haloacetic Acids in the Environment of the Northern and Southern Hemispheres.pdf,pdf_reference+docx,local PDF found in Zotero
"Freeling, 2022",post_2010,"Freeling, F.; Scheurer, M.; Koschorreck, J.; Hoffmann, G.; Ternes, T. A.; Nödler, K. Levels and Temporal Trends of Trifluoroacetate (TFA) in Archived Plants: Evidence for Increasing Emissions of Gaseous TFA Precursors over the Last Decades. Environ. Sci. Technol. Lett. 2022, 9 (5), 400−405.",Levels and Temporal Trends of Trifluoroacetate (TFA) in Archived Plants: Evidence for Increasing Emissions of Gaseous TFA Precursors over the Last Decades,10.1021/acs.estlett.2c00164,https://doi.org/10.1021/acs.estlett.2c00164,matched_from_pdf_reference_and_docx,yes,,/mnt/c/Users/Administrator/Zotero/storage/PK8CTYJ6/Freeling 等 - 2022 - Levels and Temporal Trends of Trifluoroacetate (TFA) in Archived Plants Evidence for Increasing Emi.pdf,pdf_reference+docx,local PDF found in Zotero
"Scott, 2005",pre_2010,"Scott, B. F.; Spencer, C.; Martin, J. W.; Barra, R.; Bootsma, H. A.; Jones, K. C.; Johnston, A. E.; Muir, D. C. G. Comparison of Haloacetic Acids in the Environment of the Northern and Southern Hemispheres. Environ. Sci. Technol. 2005, 39 (22), 8664−8670.",Comparison of haloacetic acids in the environment of the Northern and Southern Hemispheres,10.1021/es050118l,https://doi.org/10.1021/es050118l,matched_from_pdf_reference_and_docx,yes,,/mnt/c/Users/Administrator/Zotero/storage/JPY77LKQ/Scott 等 - 2005 - Comparison of Haloacetic Acids in the Environment of the Northern and Southern Hemispheres.pdf,pdf_reference+docx,local PDF found in Zotero
"Freeling, 2022",post_2010,"Freeling, F.; Scheurer, M.; Koschorreck, J.; Hoffmann, G.; Ternes, T. A.; Nödler, K. Levels and Temporal Trends of Trifluoroacetate (TFA) in Archived Plants: Evidence for Increasing Emissions of Gaseous TFA Precursors over the Last Decades. Environ. Sci. Technol. Lett. 2022, 9 (5), 400−405.",Levels and Temporal Trends of Trifluoroacetate (TFA) in Archived Plants: Evidence for Increasing Emissions of Gaseous TFA Precursors over the Last Decades,10.1021/acs.estlett.2c00164,https://doi.org/10.1021/acs.estlett.2c00164,matched_from_pdf_reference_and_docx,yes,,/mnt/c/Users/Administrator/Zotero/storage/PK8CTYJ6/Freeling 等 - 2022 - Levels and Temporal Trends of Trifluoroacetate (TFA) in Archived Plants Evidence for Increasing Emi.pdf,pdf_reference+docx,local PDF found in Zotero
"Scott, 2005",pre_2010,"Scott, B. F.; Spencer, C.; Martin, J. W.; Barra, R.; Bootsma, H. A.; Jones, K. C.; Johnston, A. E.; Muir, D. C. G. Comparison of Haloacetic Acids in the Environment of the Northern and Southern Hemispheres. Environ. Sci. Technol. 2005, 39 (22), 8664−8670.",Comparison of haloacetic acids in the environment of the Northern and Southern Hemispheres,10.1021/es050118l,https://doi.org/10.1021/es050118l,matched_from_pdf_reference_and_docx,yes,,/mnt/c/Users/Administrator/Zotero/storage/JPY77LKQ/Scott 等 - 2005 - Comparison of Haloacetic Acids in the Environment of the Northern and Southern Hemispheres.pdf,pdf_reference+docx,local PDF found in Zotero
"Freeling, 2022",post_2010,"Freeling, F.; Scheurer, M.; Koschorreck, J.; Hoffmann, G.; Ternes, T. A.; Nödler, K. Levels and Temporal Trends of Trifluoroacetate (TFA) in Archived Plants: Evidence for Increasing Emissions of Gaseous TFA Precursors over the Last Decades. Environ. Sci. Technol. Lett. 2022, 9 (5), 400−405.",Levels and Temporal Trends of Trifluoroacetate (TFA) in Archived Plants: Evidence for Increasing Emissions of Gaseous TFA Precursors over the Last Decades,10.1021/acs.estlett.2c00164,https://doi.org/10.1021/acs.estlett.2c00164,matched_from_pdf_reference_and_docx,yes,,/mnt/c/Users/Administrator/Zotero/storage/PK8CTYJ6/Freeling 等 - 2022 - Levels and Temporal Trends of Trifluoroacetate (TFA) in Archived Plants Evidence for Increasing Emi.pdf,pdf_reference+docx,local PDF found in Zotero
"Scott, 2005",pre_2010,"Scott, B. F.; Spencer, C.; Martin, J. W.; Barra, R.; Bootsma, H. A.; Jones, K. C.; Johnston, A. E.; Muir, D. C. G. Comparison of Haloacetic Acids in the Environment of the Northern and Southern Hemispheres. Environ. Sci. Technol. 2005, 39 (22), 8664−8670.",Comparison of haloacetic acids in the environment of the Northern and Southern Hemispheres,10.1021/es050118l,https://doi.org/10.1021/es050118l,matched_from_pdf_reference_and_docx,yes,,/mnt/c/Users/Administrator/Zotero/storage/JPY77LKQ/Scott 等 - 2005 - Comparison of Haloacetic Acids in the Environment of the Northern and Southern Hemispheres.pdf,pdf_reference+docx,local PDF found in Zotero
"Freeling, 2022",pre_2010,"Freeling, F.; Scheurer, M.; Koschorreck, J.; Hoffmann, G.; Ternes, T. A.; Nödler, K. Levels and Temporal Trends of Trifluoroacetate (TFA) in Archived Plants: Evidence for Increasing Emissions of Gaseous TFA Precursors over the Last Decades. Environ. Sci. Technol. Lett. 2022, 9 (5), 400−405.",Levels and Temporal Trends of Trifluoroacetate (TFA) in Archived Plants: Evidence for Increasing Emissions of Gaseous TFA Precursors over the Last Decades,10.1021/acs.estlett.2c00164,https://doi.org/10.1021/acs.estlett.2c00164,matched_from_pdf_reference_and_docx,yes,,/mnt/c/Users/Administrator/Zotero/storage/PK8CTYJ6/Freeling 等 - 2022 - Levels and Temporal Trends of Trifluoroacetate (TFA) in Archived Plants Evidence for Increasing Emi.pdf,pdf_reference+docx,local PDF found in Zotero
"Freeling, 2022",pre_2010,"Freeling, F.; Scheurer, M.; Koschorreck, J.; Hoffmann, G.; Ternes, T. A.; Nödler, K. Levels and Temporal Trends of Trifluoroacetate (TFA) in Archived Plants: Evidence for Increasing Emissions of Gaseous TFA Precursors over the Last Decades. Environ. Sci. Technol. Lett. 2022, 9 (5), 400−405.",Levels and Temporal Trends of Trifluoroacetate (TFA) in Archived Plants: Evidence for Increasing Emissions of Gaseous TFA Precursors over the Last Decades,10.1021/acs.estlett.2c00164,https://doi.org/10.1021/acs.estlett.2c00164,matched_from_pdf_reference_and_docx,yes,,/mnt/c/Users/Administrator/Zotero/storage/PK8CTYJ6/Freeling 等 - 2022 - Levels and Temporal Trends of Trifluoroacetate (TFA) in Archived Plants Evidence for Increasing Emi.pdf,pdf_reference+docx,local PDF found in Zotero
"Lan, 2020",post_2010,,,,,no_match_in_docx,no,,,unresolved,multiple years
"Freeling, 2022",pre_2010,"Freeling, F.; Scheurer, M.; Koschorreck, J.; Hoffmann, G.; Ternes, T. A.; Nödler, K. Levels and Temporal Trends of Trifluoroacetate (TFA) in Archived Plants: Evidence for Increasing Emissions of Gaseous TFA Precursors over the Last Decades. Environ. Sci. Technol. Lett. 2022, 9 (5), 400−405.",Levels and Temporal Trends of Trifluoroacetate (TFA) in Archived Plants: Evidence for Increasing Emissions of Gaseous TFA Precursors over the Last Decades,10.1021/acs.estlett.2c00164,https://doi.org/10.1021/acs.estlett.2c00164,matched_from_pdf_reference_and_docx,yes,,/mnt/c/Users/Administrator/Zotero/storage/PK8CTYJ6/Freeling 等 - 2022 - Levels and Temporal Trends of Trifluoroacetate (TFA) in Archived Plants Evidence for Increasing Emi.pdf,pdf_reference+docx,local PDF found in Zotero
"Freeling, 2022",pre_2010,"Freeling, F.; Scheurer, M.; Koschorreck, J.; Hoffmann, G.; Ternes, T. A.; Nödler, K. Levels and Temporal Trends of Trifluoroacetate (TFA) in Archived Plants: Evidence for Increasing Emissions of Gaseous TFA Precursors over the Last Decades. Environ. Sci. Technol. Lett. 2022, 9 (5), 400−405.",Levels and Temporal Trends of Trifluoroacetate (TFA) in Archived Plants: Evidence for Increasing Emissions of Gaseous TFA Precursors over the Last Decades,10.1021/acs.estlett.2c00164,https://doi.org/10.1021/acs.estlett.2c00164,matched_from_pdf_reference_and_docx,yes,,/mnt/c/Users/Administrator/Zotero/storage/PK8CTYJ6/Freeling 等 - 2022 - Levels and Temporal Trends of Trifluoroacetate (TFA) in Archived Plants Evidence for Increasing Emi.pdf,pdf_reference+docx,local PDF found in Zotero
"Chen, 2018",post_2010,"Chen, H.; Yao, Y.; Zhao, Z.; Wang, Y.; Wang, Q.; Ren, C.; Wang, B.; Sun, H.; Alder, A. C.; Kannan, K. Multimedia Distribution and Transfer of Per- and Polyfluoroalkyl Substances (PFASs) Surrounding Two Fluorochemical Manufacturing Facilities in Fuxin, China. Environ. Sci. Technol. 2018, 52 (15), 8263−8271. 19931 https://doi.org/","Multimedia Distribution and Transfer of Per- and Polyfluoroalkyl Substances (PFASs) Surrounding Two Fluorochemical Manufacturing Facilities in Fuxin, China",10.1021/acs.est.8b00544,https://doi.org/10.1021/acs.est.8b00544,matched_from_pdf_reference_and_docx,yes,,/mnt/c/Users/Administrator/Zotero/storage/LIC3BTYS/Chen 等 - 2018 - Multimedia Distribution and Transfer of Per- and Polyfluoroalkyl Substances (PFASs) Surrounding Two.pdf,pdf_reference+docx,local PDF found in Zotero
"Lan, 2020",post_2010,,,,,no_match_in_docx,no,,,unresolved,
"Scott, 2005",pre_2010,"Scott, B. F.; Spencer, C.; Martin, J. W.; Barra, R.; Bootsma, H. A.; Jones, K. C.; Johnston, A. E.; Muir, D. C. G. Comparison of Haloacetic Acids in the Environment of the Northern and Southern Hemispheres. Environ. Sci. Technol. 2005, 39 (22), 8664−8670.",Comparison of haloacetic acids in the environment of the Northern and Southern Hemispheres,10.1021/es050118l,https://doi.org/10.1021/es050118l,matched_from_pdf_reference_and_docx,yes,,/mnt/c/Users/Administrator/Zotero/storage/JPY77LKQ/Scott 等 - 2005 - Comparison of Haloacetic Acids in the Environment of the Northern and Southern Hemispheres.pdf,pdf_reference+docx,local PDF found in Zotero
"Xie, 2020",post_2010,"Xie, G.; Cui, J.; Zhai, Z.; Zhang, J. Distribution Characteristics of Trifluoroacetic Acid in the Environments Surrounding Fluorochemical Production Plants in Jinan, China. Environmental Science and Pollution Research 2020, 27 (1), 983−991.","Distribution characteristics of trifluoroacetic acid in the environments surrounding fluorochemical production plants in Jinan, China",10.1007/s11356-019-06689-4,https://doi.org/10.1007/s11356-019-06689-4,matched_from_pdf_reference_and_docx,yes,,/mnt/c/Users/Administrator/Zotero/storage/GKC78DCT/Xie 等 - 2020 - Distribution characteristics of trifluoroacetic acid in the environments surrounding fluorochemical.pdf,pdf_reference+docx,local PDF found in Zotero
"Scott, 2005",pre_2010,"Scott, B. F.; Spencer, C.; Martin, J. W.; Barra, R.; Bootsma, H. A.; Jones, K. C.; Johnston, A. E.; Muir, D. C. G. Comparison of Haloacetic Acids in the Environment of the Northern and Southern Hemispheres. Environ. Sci. Technol. 2005, 39 (22), 8664−8670.",Comparison of haloacetic acids in the environment of the Northern and Southern Hemispheres,10.1021/es050118l,https://doi.org/10.1021/es050118l,matched_from_pdf_reference_and_docx,yes,,/mnt/c/Users/Administrator/Zotero/storage/JPY77LKQ/Scott 等 - 2005 - Comparison of Haloacetic Acids in the Environment of the Northern and Southern Hemispheres.pdf,pdf_reference+docx,local PDF found in Zotero
"Scott, 2005",pre_2010,"Scott, B. F.; Spencer, C.; Martin, J. W.; Barra, R.; Bootsma, H. A.; Jones, K. C.; Johnston, A. E.; Muir, D. C. G. Comparison of Haloacetic Acids in the Environment of the Northern and Southern Hemispheres. Environ. Sci. Technol. 2005, 39 (22), 8664−8670.",Comparison of haloacetic acids in the environment of the Northern and Southern Hemispheres,10.1021/es050118l,https://doi.org/10.1021/es050118l,matched_from_pdf_reference_and_docx,yes,,/mnt/c/Users/Administrator/Zotero/storage/JPY77LKQ/Scott 等 - 2005 - Comparison of Haloacetic Acids in the Environment of the Northern and Southern Hemispheres.pdf,pdf_reference+docx,local PDF found in Zotero
"Scott, 2005",pre_2010,"Scott, B. F.; Spencer, C.; Martin, J. W.; Barra, R.; Bootsma, H. A.; Jones, K. C.; Johnston, A. E.; Muir, D. C. G. Comparison of Haloacetic Acids in the Environment of the Northern and Southern Hemispheres. Environ. Sci. Technol. 2005, 39 (22), 8664−8670.",Comparison of haloacetic acids in the environment of the Northern and Southern Hemispheres,10.1021/es050118l,https://doi.org/10.1021/es050118l,matched_from_pdf_reference_and_docx,yes,,/mnt/c/Users/Administrator/Zotero/storage/JPY77LKQ/Scott 等 - 2005 - Comparison of Haloacetic Acids in the Environment of the Northern and Southern Hemispheres.pdf,pdf_reference+docx,local PDF found in Zotero
"Chen, 2018",post_2010,"Chen, H.; Yao, Y.; Zhao, Z.; Wang, Y.; Wang, Q.; Ren, C.; Wang, B.; Sun, H.; Alder, A. C.; Kannan, K. Multimedia Distribution and Transfer of Per- and Polyfluoroalkyl Substances (PFASs) Surrounding Two Fluorochemical Manufacturing Facilities in Fuxin, China. Environ. Sci. Technol. 2018, 52 (15), 8263−8271. 19931 https://doi.org/","Multimedia Distribution and Transfer of Per- and Polyfluoroalkyl Substances (PFASs) Surrounding Two Fluorochemical Manufacturing Facilities in Fuxin, China",10.1021/acs.est.8b00544,https://doi.org/10.1021/acs.est.8b00544,matched_from_pdf_reference_and_docx,yes,,/mnt/c/Users/Administrator/Zotero/storage/LIC3BTYS/Chen 等 - 2018 - Multimedia Distribution and Transfer of Per- and Polyfluoroalkyl Substances (PFASs) Surrounding Two.pdf,pdf_reference+docx,local PDF found in Zotero
"Scott, 2005",pre_2010,"Scott, B. F.; Spencer, C.; Martin, J. W.; Barra, R.; Bootsma, H. A.; Jones, K. C.; Johnston, A. E.; Muir, D. C. G. Comparison of Haloacetic Acids in the Environment of the Northern and Southern Hemispheres. Environ. Sci. Technol. 2005, 39 (22), 8664−8670.",Comparison of haloacetic acids in the environment of the Northern and Southern Hemispheres,10.1021/es050118l,https://doi.org/10.1021/es050118l,matched_from_pdf_reference_and_docx,yes,,/mnt/c/Users/Administrator/Zotero/storage/JPY77LKQ/Scott 等 - 2005 - Comparison of Haloacetic Acids in the Environment of the Northern and Southern Hemispheres.pdf,pdf_reference+docx,multiple years; local PDF found in Zotero
"Li, 2010",pre_2010,"Wang, B.; Yao, Y.; Chen, H.; Chang, S.; Tian, Y.; Sun, H. Perand Polyfluoroalkyl Substances and the Contribution of Unknown Precursors and Short-Chain (C2−C3) Perfluoroalkyl Carboxylic Acids at Solid Waste Disposal Facilities. Sci. Total Environ. 2020, 705, No. 135832.","Quantitative characterization of short- and long-chain perfluorinated acids in solid matrices in Shanghai, China",10.1016/j.scitotenv.2009.10.032,https://doi.org/10.1016/j.scitotenv.2009.10.032,matched_from_pdf_reference_and_docx,yes,,/mnt/c/Users/Administrator/Zotero/storage/QJM4LMDM/Wang 等 - 2015 - Transport of short-chain perfluoroalkyl acids from concentrated fluoropolymer facilities to the Dali.pdf,pdf_reference+docx,local PDF found in Zotero
"Chen, 2018",post_2010,"Chen, H.; Yao, Y.; Zhao, Z.; Wang, Y.; Wang, Q.; Ren, C.; Wang, B.; Sun, H.; Alder, A. C.; Kannan, K. Multimedia Distribution and Transfer of Per- and Polyfluoroalkyl Substances (PFASs) Surrounding Two Fluorochemical Manufacturing Facilities in Fuxin, China. Environ. Sci. Technol. 2018, 52 (15), 8263−8271. 19931 https://doi.org/","Multimedia Distribution and Transfer of Per- and Polyfluoroalkyl Substances (PFASs) Surrounding Two Fluorochemical Manufacturing Facilities in Fuxin, China",10.1021/acs.est.8b00544,https://doi.org/10.1021/acs.est.8b00544,matched_from_pdf_reference_and_docx,yes,,/mnt/c/Users/Administrator/Zotero/storage/LIC3BTYS/Chen 等 - 2018 - Multimedia Distribution and Transfer of Per- and Polyfluoroalkyl Substances (PFASs) Surrounding Two.pdf,pdf_reference+docx,local PDF found in Zotero
"Tian, 2018",post_2010,"Tian, Y.; Yao, Y.; Chang, S.; Zhao, Z.; Zhao, Y.; Yuan, X.; Wu, F.; Sun, H. Occurrence and Phase Distribution of Neutral and Ionizable Per- and Polyfluoroalkyl Substances (PFASs) in the Atmosphere and Plant Leaves around Landfills: A Case Study in Tianjin, China. Environ. Sci. Technol. 2018, 52 (3), 1301−1310.","Occurrence and Phase Distribution of Neutral and Ionizable Per- and Polyfluoroalkyl Substances (PFASs) in the Atmosphere and Plant Leaves around Landfills: A Case Study in Tianjin, China",10.1021/acs.est.7b05385,https://doi.org/10.1021/acs.est.7b05385,matched_from_pdf_reference_and_docx,yes,,/mnt/c/Users/Administrator/Zotero/storage/ES7GXUQV/Tian 等 - 2018 - Occurrence and Phase Distribution of Neutral and Ionizable Per- and Polyfluoroalkyl Substances (PFAS.pdf,pdf_reference+docx,local PDF found in Zotero
"Li, 2010",pre_2010,"Wang, B.; Yao, Y.; Chen, H.; Chang, S.; Tian, Y.; Sun, H. Perand Polyfluoroalkyl Substances and the Contribution of Unknown Precursors and Short-Chain (C2−C3) Perfluoroalkyl Carboxylic Acids at Solid Waste Disposal Facilities. Sci. Total Environ. 2020, 705, No. 135832.","Quantitative characterization of short- and long-chain perfluorinated acids in solid matrices in Shanghai, China",10.1016/j.scitotenv.2009.10.032,https://doi.org/10.1016/j.scitotenv.2009.10.032,matched_from_pdf_reference_and_docx,yes,,/mnt/c/Users/Administrator/Zotero/storage/QJM4LMDM/Wang 等 - 2015 - Transport of short-chain perfluoroalkyl acids from concentrated fluoropolymer facilities to the Dali.pdf,pdf_reference+docx,local PDF found in Zotero
"Lan, 2020",post_2010,,,,,no_match_in_docx,no,,,unresolved,multiple years
"Wang, 2021",post_2010,"Wang, B.; Yao, Y.; Wang, Y.; Chen, H.; Sun, H. Per- and Polyfluoroalkyl Substances in Outdoor and Indoor Dust from Mainland China: Contributions of Unknown Precursors and Implications for Human Exposure. Environ. Sci. Technol. 2022, 56 (10), 6036−6045.",Per- And Polyfluoroalkyl Substances in Outdoor and Indoor Dust from Mainland China: Contributions of Unknown Precursors and Implications for Human Exposure,10.1021/acs.est.0c08242,https://doi.org/10.1021/acs.est.0c08242,matched_from_pdf_reference_and_docx,yes,,/mnt/c/Users/Administrator/Zotero/storage/83XNHRKC/Wang 等 - 2022 - Per- and Polyfluoroalkyl Substances in Outdoor and Indoor Dust from Mainland China Contributions of.pdf,pdf_reference+docx,reported as n.d.; local PDF found in Zotero
"Wang, 2021",post_2010,"Wang, B.; Yao, Y.; Wang, Y.; Chen, H.; Sun, H. Per- and Polyfluoroalkyl Substances in Outdoor and Indoor Dust from Mainland China: Contributions of Unknown Precursors and Implications for Human Exposure. Environ. Sci. Technol. 2022, 56 (10), 6036−6045.",Per- And Polyfluoroalkyl Substances in Outdoor and Indoor Dust from Mainland China: Contributions of Unknown Precursors and Implications for Human Exposure,10.1021/acs.est.0c08242,https://doi.org/10.1021/acs.est.0c08242,matched_from_pdf_reference_and_docx,yes,,/mnt/c/Users/Administrator/Zotero/storage/83XNHRKC/Wang 等 - 2022 - Per- and Polyfluoroalkyl Substances in Outdoor and Indoor Dust from Mainland China Contributions of.pdf,pdf_reference+docx,reported as n.d.; local PDF found in Zotero
"Li, 2010",pre_2010,"Wang, B.; Yao, Y.; Chen, H.; Chang, S.; Tian, Y.; Sun, H. Perand Polyfluoroalkyl Substances and the Contribution of Unknown Precursors and Short-Chain (C2−C3) Perfluoroalkyl Carboxylic Acids at Solid Waste Disposal Facilities. Sci. Total Environ. 2020, 705, No. 135832.","Quantitative characterization of short- and long-chain perfluorinated acids in solid matrices in Shanghai, China",10.1016/j.scitotenv.2009.10.032,https://doi.org/10.1016/j.scitotenv.2009.10.032,matched_from_pdf_reference_and_docx,yes,,/mnt/c/Users/Administrator/Zotero/storage/QJM4LMDM/Wang 等 - 2015 - Transport of short-chain perfluoroalkyl acids from concentrated fluoropolymer facilities to the Dali.pdf,pdf_reference+docx,local PDF found in Zotero
"Wang, 2021",post_2010,"Wang, B.; Yao, Y.; Wang, Y.; Chen, H.; Sun, H. Per- and Polyfluoroalkyl Substances in Outdoor and Indoor Dust from Mainland China: Contributions of Unknown Precursors and Implications for Human Exposure. Environ. Sci. Technol. 2022, 56 (10), 6036−6045.",Per- And Polyfluoroalkyl Substances in Outdoor and Indoor Dust from Mainland China: Contributions of Unknown Precursors and Implications for Human Exposure,10.1021/acs.est.0c08242,https://doi.org/10.1021/acs.est.0c08242,matched_from_pdf_reference_and_docx,yes,,/mnt/c/Users/Administrator/Zotero/storage/83XNHRKC/Wang 等 - 2022 - Per- and Polyfluoroalkyl Substances in Outdoor and Indoor Dust from Mainland China Contributions of.pdf,pdf_reference+docx,local PDF found in Zotero
"Zheng, 2023",post_2010,"Björnsdotter, M. K.; Yeung, L. W. Y.; Kärrman, A.; Jogsten, I. E. Ultra-Short-Chain Perfluoroalkyl Acids Including Trifluoromethane Sulfonic Acid in Water Connected to Known and Suspected Point Sources in Sweden. Environ. Sci. Technol. 2019, 53 (19), 11093− 11101.",Elevated Levels of Ultrashort- and Short-Chain Perfluoroalkyl Acids in US Homes and People,10.1021/acs.est.2c06715,https://doi.org/10.1021/acs.est.2c06715,matched_from_pdf_reference_and_docx,yes,,/mnt/c/Users/Administrator/Zotero/storage/L23EVBC9/Zheng 等 - 2023 - Elevated Levels of Ultrashort- and Short-Chain Perfluoroalkyl Acids in US Homes and People.pdf,pdf_reference+docx,reported as n.d.; local PDF found in Zotero
"Duan, 2020",post_2010,"Duan, Y.; Sun, H.; Yao, Y.; Meng, Y.; Li, Y. Distribution of Novel and Legacy Per-/Polyfluoroalkyl Substances in Serum and Its Associations with Two Glycemic Biomarkers among Chinese Adult Men and Women with Normal Blood Glucose Levels. Environ. Int. 2020, 134, No. 105295.",Distribution of novel and legacy per-/polyfluoroalkyl substances in serum and its associations with two glycemic biomarkers among Chinese adult men and women with normal blood glucose levels,10.1016/j.envint.2019.105295,https://doi.org/10.1016/j.envint.2019.105295,matched_from_pdf_reference_and_docx,yes,,/mnt/c/Users/Administrator/Zotero/storage/LIC3BTYS/Chen 等 - 2018 - Multimedia Distribution and Transfer of Per- and Polyfluoroalkyl Substances (PFASs) Surrounding Two.pdf,pdf_reference+docx,local PDF found in Zotero
"Zheng, 2023",post_2010,"Björnsdotter, M. K.; Yeung, L. W. Y.; Kärrman, A.; Jogsten, I. E. Ultra-Short-Chain Perfluoroalkyl Acids Including Trifluoromethane Sulfonic Acid in Water Connected to Known and Suspected Point Sources in Sweden. Environ. Sci. Technol. 2019, 53 (19), 11093− 11101.",Elevated Levels of Ultrashort- and Short-Chain Perfluoroalkyl Acids in US Homes and People,10.1021/acs.est.2c06715,https://doi.org/10.1021/acs.est.2c06715,matched_from_pdf_reference_and_docx,yes,,/mnt/c/Users/Administrator/Zotero/storage/L23EVBC9/Zheng 等 - 2023 - Elevated Levels of Ultrashort- and Short-Chain Perfluoroalkyl Acids in US Homes and People.pdf,pdf_reference+docx,reported as n.d.; local PDF found in Zotero
